split_mode,feature_set,model,target,R2,RMSE,MAE,train_rows,test_rows,seed,train_frac
chrono,baseline,previous_sequence_persistence,Average,0.8645262898380497,24.829375102941267,10.708568782828666,16825,5462,42,0.8
chrono,baseline,train_mean,Average,-0.05768711241602239,70.43734097065966,51.73601492257546,16825,5462,42,0.8
chrono,T7_yolo_only,extra_trees,Average,-0.07695780140945159,71.73608233237137,47.78874995375717,16825,5462,42,0.8
chrono,T7_yolo_only,random_forest,Average,-0.10967556094681497,72.3471868682194,51.10027726015977,16825,5462,42,0.8
chrono,T7_yolo_only,hist_gradient_boosting,Average,-0.23133912220280436,77.28696459854946,50.17007321009638,16825,5462,42,0.8
chrono,T7_road_only,extra_trees,Average,-0.2830377998293445,78.36156696758935,53.477768355171655,16825,5462,42,0.8
chrono,T7_road_only,random_forest,Average,-0.36661136185554866,80.64846421975523,58.11729103761538,16825,5462,42,0.8
chrono,T7_tabular_plus_yolo,extra_trees,Average,-0.4425142648835693,83.00081145802947,65.98228228224792,16825,5462,42,0.8
chrono,T7_tabular_plus_yolo_plus_road,extra_trees,Average,-0.5776927896984364,86.85064060730338,69.60801266364072,16825,5462,42,0.8
chrono,T7_tabular_plus_road,extra_trees,Average,-0.6649666658413041,89.14685097440777,72.52427890326233,16825,5462,42,0.8
chrono,T7_road_only,hist_gradient_boosting,Average,-0.708886818301238,90.19296939753553,64.1924183707843,16825,5462,42,0.8
chrono,T7_tabular_only,extra_trees,Average,-0.7686709271338706,91.85926076555329,72.72389449443375,16825,5462,42,0.8
chrono,T7_tabular_only,random_forest,Average,-0.9083309748394415,94.7953570056884,68.4545429888411,16825,5462,42,0.8
chrono,T7_road_only,ridge,Average,-0.9611260787326287,96.38462888018807,77.81408132798056,16825,5462,42,0.8
chrono,T7_tabular_plus_road,random_forest,Average,-1.2276461712313622,102.52561947437857,80.52822470621398,16825,5462,42,0.8
chrono,T7_tabular_plus_road,hist_gradient_boosting,Average,-1.5494624526384753,111.05056624141474,65.5127327288754,16825,5462,42,0.8
chrono,T7_tabular_plus_yolo_plus_road,random_forest,Average,-1.5885625687976421,110.79942567076716,89.35740993585296,16825,5462,42,0.8
chrono,T7_tabular_plus_yolo,random_forest,Average,-1.6295183540239122,111.89279907130503,88.27112363679457,16825,5462,42,0.8
chrono,T7_tabular_plus_yolo_plus_road,hist_gradient_boosting,Average,-1.7060583490219716,114.05311229240387,64.13314909542682,16825,5462,42,0.8
chrono,T7_tabular_plus_yolo,hist_gradient_boosting,Average,-1.904043256586626,117.99039183573139,65.9030642140125,16825,5462,42,0.8
chrono,T7_tabular_only,hist_gradient_boosting,Average,-2.2212355109829867,124.03933608856492,74.85834746003124,16825,5462,42,0.8
chrono,T7_yolo_only,ridge,Average,-5.889992792693575,182.34279116237428,155.17894492613334,16825,5462,42,0.8
chrono,T7_tabular_plus_road,ridge,Average,-7.85343650957412,208.71364185268885,152.1215293155375,16825,5462,42,0.8
chrono,T7_tabular_only,ridge,Average,-8.995076046063067,222.12822432411,174.25114288764294,16825,5462,42,0.8
chrono,T7_tabular_plus_yolo_plus_road,ridge,Average,-11.45870830899195,247.53615727928172,193.9870188025014,16825,5462,42,0.8
chrono,T7_tabular_plus_yolo,ridge,Average,-14.536429803546485,276.5772746503585,235.05991211552387,16825,5462,42,0.8
chrono,baseline,previous_sequence_persistence,PM10,0.9072324689931283,24.282806499128895,10.143846583490895,16825,5462,42,0.8
chrono,baseline,train_mean,PM10,-0.024169573326113136,80.68388743218007,53.64557014175907,16825,5462,42,0.8
chrono,T7_yolo_only,random_forest,PM10,-0.16186587990717882,85.93674087269434,52.025881700599896,16825,5462,42,0.8
chrono,T7_yolo_only,extra_trees,PM10,-0.20425979252735127,87.49051508043955,50.383811019037374,16825,5462,42,0.8
chrono,T7_road_only,extra_trees,PM10,-0.39079979203835613,94.02280179602302,58.355583992412605,16825,5462,42,0.8
chrono,T7_yolo_only,hist_gradient_boosting,PM10,-0.40810085637937554,94.60579975780735,57.512868480797074,16825,5462,42,0.8
chrono,T7_road_only,random_forest,PM10,-0.4467102693810021,95.8940502616314,63.81082196423359,16825,5462,42,0.8
chrono,T7_tabular_plus_yolo,extra_trees,PM10,-0.6603112070764436,102.72960773461513,82.54695250088828,16825,5462,42,0.8
chrono,T7_tabular_plus_yolo_plus_road,extra_trees,PM10,-0.8445688585429099,108.28001723631436,87.91084003065409,16825,5462,42,0.8
chrono,T7_road_only,hist_gradient_boosting,PM10,-0.8597405796326261,108.72441105969537,73.24725493438679,16825,5462,42,0.8
chrono,T7_tabular_only,random_forest,PM10,-0.8625233153610175,108.80572299480939,75.86018133103049,16825,5462,42,0.8
chrono,T7_tabular_plus_road,extra_trees,PM10,-0.942201850401859,111.10869887620258,92.13530794554809,16825,5462,42,0.8
chrono,T7_road_only,ridge,PM10,-0.9863425232679863,112.36419638030083,87.10760956451288,16825,5462,42,0.8
chrono,T7_tabular_only,extra_trees,PM10,-1.1499177577680588,116.89927118515976,93.7532838820388,16825,5462,42,0.8
chrono,T7_tabular_plus_road,random_forest,PM10,-1.1864104326924045,117.88721979295104,91.95766098677252,16825,5462,42,0.8
chrono,T7_tabular_plus_yolo_plus_road,random_forest,PM10,-1.7092351483686827,131.2273113115313,107.53813994534416,16825,5462,42,0.8
chrono,T7_tabular_plus_road,hist_gradient_boosting,PM10,-1.9105097166592069,136.01456185181976,73.37534429336192,16825,5462,42,0.8
chrono,T7_tabular_plus_yolo,random_forest,PM10,-1.9120363829546059,136.05022942293357,109.30607128889503,16825,5462,42,0.8
chrono,T7_tabular_plus_yolo_plus_road,hist_gradient_boosting,PM10,-2.2952153057019107,144.72474005430274,70.8363428205832,16825,5462,42,0.8
chrono,T7_tabular_plus_yolo,hist_gradient_boosting,PM10,-2.741392394664375,154.21176564673297,77.63497268230755,16825,5462,42,0.8
chrono,T7_tabular_only,hist_gradient_boosting,PM10,-2.756922781043678,154.5314979603108,71.6786314258826,16825,5462,42,0.8
chrono,T7_yolo_only,ridge,PM10,-8.520305173920335,245.9950199265759,208.14560483441971,16825,5462,42,0.8
chrono,T7_tabular_plus_road,ridge,PM10,-12.374066017195009,291.563135089404,237.05636907827645,16825,5462,42,0.8
chrono,T7_tabular_only,ridge,PM10,-14.461790900229477,313.49511506198746,266.4775606199725,16825,5462,42,0.8
chrono,T7_tabular_plus_yolo_plus_road,ridge,PM10,-14.69866024947447,315.88730697415,251.16119265494794,16825,5462,42,0.8
chrono,T7_tabular_plus_yolo,ridge,PM10,-19.025516672564788,356.7736283284706,314.12356595264475,16825,5462,42,0.8
chrono,baseline,previous_sequence_persistence,PM2.5,0.8392779454303467,16.59762000041042,7.348591966985405,16825,5462,42,0.8
chrono,T7_yolo_only,extra_trees,PM2.5,-0.03408547368884052,42.100407376021394,31.95216096573932,16825,5462,42,0.8
chrono,T7_yolo_only,hist_gradient_boosting,PM2.5,-0.08741029453465665,43.17226156092928,30.885939737504806,16825,5462,42,0.8
chrono,baseline,train_mean,PM2.5,-0.13554030956002872,44.11734385314745,35.08941378841315,16825,5462,42,0.8
chrono,T7_yolo_only,random_forest,PM2.5,-0.1485296095996167,44.36895268934378,35.346035497293094,16825,5462,42,0.8
chrono,T7_road_only,extra_trees,PM2.5,-0.23492614681980295,46.00749339890925,34.52956851842418,16825,5462,42,0.8
chrono,T7_road_only,random_forest,PM2.5,-0.3577933406610947,48.24195693823427,37.459676051127396,16825,5462,42,0.8
chrono,T7_tabular_plus_yolo,extra_trees,PM2.5,-0.37331880888276725,48.51698041975937,37.04942351925611,16825,5462,42,0.8
chrono,T7_tabular_plus_yolo_plus_road,extra_trees,PM2.5,-0.4845345550218729,50.44327033854941,38.75042012297726,16825,5462,42,0.8
chrono,T7_tabular_plus_road,extra_trees,PM2.5,-0.5799542118728891,52.03916626744741,40.16338814706036,16825,5462,42,0.8
chrono,T7_tabular_only,extra_trees,PM2.5,-0.648340365580161,53.153458353135335,39.80424356910453,16825,5462,42,0.8
chrono,T7_road_only,hist_gradient_boosting,PM2.5,-0.6836834669029968,53.72028439636034,40.49449619717122,16825,5462,42,0.8
chrono,T7_road_only,ridge,PM2.5,-1.0075922342453576,58.66050980940096,48.98807491799209,16825,5462,42,0.8
chrono,T7_tabular_only,random_forest,PM2.5,-1.0148815114747203,58.76690723471481,43.51841208513269,16825,5462,42,0.8
chrono,T7_tabular_plus_road,hist_gradient_boosting,PM2.5,-1.2878996647095815,62.62194707938003,39.21707728880698,16825,5462,42,0.8
chrono,T7_tabular_plus_road,random_forest,PM2.5,-1.3300361587367946,63.19597372495585,49.612315751321894,16825,5462,42,0.8
chrono,T7_tabular_plus_yolo_plus_road,hist_gradient_boosting,PM2.5,-1.4329948453199886,64.57712020753108,39.104516853383544,16825,5462,42,0.8
chrono,T7_tabular_plus_yolo,hist_gradient_boosting,PM2.5,-1.5542478148123848,66.16671822082897,40.96079568387074,16825,5462,42,0.8
chrono,T7_tabular_plus_yolo,random_forest,PM2.5,-1.5739894742376732,66.42192575150939,50.77459266262625,16825,5462,42,0.8
chrono,T7_tabular_plus_yolo_plus_road,random_forest,PM2.5,-1.6190061020955113,67.00023634042503,52.77304475560581,16825,5462,42,0.8
chrono,T7_tabular_only,hist_gradient_boosting,PM2.5,-2.047865080926832,72.27797036490291,51.84843188720304,16825,5462,42,0.8
chrono,T7_yolo_only,ridge,PM2.5,-4.5353697655661325,97.40503307360825,84.5437125440798,16825,5462,42,0.8
chrono,T7_tabular_plus_road,ridge,PM2.5,-4.614151162245326,98.09573610892491,57.8948264861503,16825,5462,42,0.8
chrono,T7_tabular_only,ridge,PM2.5,-4.90625497622325,100.61533450565615,65.06957171782993,16825,5462,42,0.8
chrono,T7_tabular_plus_yolo_plus_road,ridge,PM2.5,-8.637732912230812,128.5273409919179,97.16333334660152,16825,5462,42,0.8
chrono,T7_tabular_plus_yolo,ridge,PM2.5,-10.739691955911807,141.85231578740553,112.61812881721102,16825,5462,42,0.8
chrono,baseline,previous_sequence_persistence,aqi,0.8470684550906742,33.607698809284486,14.633267798009697,16825,5462,42,0.8
chrono,T7_yolo_only,extra_trees,aqi,0.007471861987837003,85.61732454065317,61.03027787649483,16825,5462,42,0.8
chrono,baseline,train_mean,aqi,-0.013351454361925308,86.51079162665144,66.47306083755414,16825,5462,42,0.8
chrono,T7_yolo_only,random_forest,aqi,-0.018631193333649376,86.73586704262004,65.9289145825863,16825,5462,42,0.8
chrono,T7_yolo_only,hist_gradient_boosting,aqi,-0.19850621569438087,94.08283247691178,62.111411411987284,16825,5462,42,0.8
chrono,T7_road_only,extra_trees,aqi,-0.22338746062987447,95.05440570783581,67.54815255467818,16825,5462,42,0.8
chrono,T7_tabular_plus_yolo,extra_trees,aqi,-0.293912778691497,97.7558462197139,78.35047082659939,16825,5462,42,0.8
chrono,T7_road_only,random_forest,aqi,-0.29533047552454916,97.8093854594,73.08137509748514,16825,5462,42,0.8
chrono,T7_tabular_plus_yolo_plus_road,extra_trees,aqi,-0.4039749555305263,101.82863424704634,82.16277783729082,16825,5462,42,0.8
chrono,T7_tabular_plus_road,extra_trees,aqi,-0.47274393524916447,104.29268777957333,85.27414061717852,16825,5462,42,0.8
chrono,T7_tabular_only,extra_trees,aqi,-0.507754658053392,105.52505275836472,84.61415603215794,16825,5462,42,0.8
chrono,T7_road_only,hist_gradient_boosting,aqi,-0.5832364083680912,108.13421273655092,78.83550398079485,16825,5462,42,0.8
chrono,T7_tabular_only,random_forest,aqi,-0.8475880976825869,116.813440787541,85.98503555036012,16825,5462,42,0.8
chrono,T7_road_only,ridge,aqi,-0.8894434786845422,118.12918045086244,97.3465595014367,16825,5462,42,0.8
chrono,T7_tabular_plus_road,random_forest,aqi,-1.1664919222648873,126.49366490522885,100.01469738054753,16825,5462,42,0.8
chrono,T7_tabular_plus_yolo_plus_road,hist_gradient_boosting,aqi,-1.3899648960440154,132.85747661537778,82.45858761231369,16825,5462,42,0.8
chrono,T7_tabular_plus_yolo,random_forest,aqi,-1.4025292048794578,133.20624203947216,104.7327069588624,16825,5462,42,0.8
chrono,T7_tabular_plus_yolo,hist_gradient_boosting,aqi,-1.4164895602831176,133.59269163963222,79.1134242758592,16825,5462,42,0.8
chrono,T7_tabular_plus_yolo_plus_road,random_forest,aqi,-1.4374464559287325,134.17072936034518,107.76104510660888,16825,5462,42,0.8
chrono,T7_tabular_plus_road,hist_gradient_boosting,aqi,-1.4499779765466374,134.51518979304444,83.94577660445731,16825,5462,42,0.8
chrono,T7_tabular_only,hist_gradient_boosting,aqi,-1.8589186709784498,145.30853994048107,101.04797906700807,16825,5462,42,0.8
chrono,T7_yolo_only,ridge,aqi,-4.6143034385942565,203.6283204869387,172.84751739990054,16825,5462,42,0.8
chrono,T7_tabular_plus_road,ridge,aqi,-6.572092349282026,236.48205435973767,161.4133923821857,16825,5462,42,0.8
chrono,T7_tabular_only,ridge,aqi,-7.617182261736474,252.27422340468635,191.20629632512643,16825,5462,42,0.8
chrono,T7_tabular_plus_yolo_plus_road,ridge,aqi,-11.039731765270563,298.19382387177717,233.63653040595483,16825,5462,42,0.8
chrono,T7_tabular_plus_yolo,ridge,aqi,-13.844080782162862,331.1058798351994,278.43804157671593,16825,5462,42,0.8
