experiment,feature_set,model,T,n_features,n_rows,n_splits,MAE,RMSE,R2,Spearman,Bias,mode,log_target,base_model,residual_model,n_base_features,n_residual_features
residual_T7_raw_source_base-et_leaf3_res-rf_leaf2_raw,raw_source,base_et_leaf3_res_rf_leaf2,7,1043,275,5,6.264593143889803,10.781090350073454,0.5754530245894705,0.7492559360664723,0.14010783316110095,residual_temporal,False,et_leaf3,rf_leaf2,84.0,959.0
residual_T7_raw_source_base-et_leaf2_res-rf_leaf2_raw,raw_source,base_et_leaf2_res_rf_leaf2,7,1043,275,5,6.13010485265226,10.803687777550802,0.5736714378560392,0.7688381754709904,0.12438372716458415,residual_temporal,False,et_leaf2,rf_leaf2,84.0,959.0
residual_T7_top30_source_base-et_leaf3_res-et_leaf3_raw,top30_source,base_et_leaf3_res_et_leaf3,7,294,275,5,6.109438539528047,10.822848745354095,0.5721578598996924,0.7702103228412338,0.043126224763413164,residual_temporal,False,et_leaf3,et_leaf3,84.0,210.0
residual_T7_top30_source_base-et_leaf2_res-et_leaf3_raw,top30_source,base_et_leaf2_res_et_leaf3,7,294,275,5,6.050802956363689,10.831943948899779,0.5714384658634284,0.7804494965523211,0.06811306614019721,residual_temporal,False,et_leaf2,et_leaf3,84.0,210.0
residual_T7_top30_source_base-et_leaf3_res-et_leaf2_raw,top30_source,base_et_leaf3_res_et_leaf2,7,294,275,5,6.1088986999051045,10.8320784824173,0.571427820267591,0.7688064395141514,0.13679647385399665,residual_temporal,False,et_leaf3,et_leaf2,84.0,210.0
residual_T7_top30_source_base-et_leaf2_res-et_leaf2_raw,top30_source,base_et_leaf2_res_et_leaf2,7,294,275,5,6.03596552908659,10.839115707787805,0.5708707824464302,0.7784132021580451,0.09935425439760052,residual_temporal,False,et_leaf2,et_leaf2,84.0,210.0
residual_T7_raw_source_base-et_leaf3_res-et_leaf2_raw,raw_source,base_et_leaf3_res_et_leaf2,7,1043,275,5,5.977812595127869,10.850199403271523,0.5699927090814219,0.7743042612734774,-0.23368789768642118,residual_temporal,False,et_leaf3,et_leaf2,84.0,959.0
residual_T7_raw_source_base-et_leaf3_res-et_leaf3_raw,raw_source,base_et_leaf3_res_et_leaf3,7,1043,275,5,6.149133901102944,10.850871756434994,0.5699394149972392,0.7569810449785062,0.1741330412151466,residual_temporal,False,et_leaf3,et_leaf3,84.0,959.0
residual_T7_top30_source_base-et_leaf2_res-et_leaf1_raw,top30_source,base_et_leaf2_res_et_leaf1,7,294,275,5,6.022758568699216,10.855285508693678,0.5695894768581498,0.7828285392804594,0.14183307278253562,residual_temporal,False,et_leaf2,et_leaf1,84.0,210.0
residual_T7_raw_source_base-et_leaf3_res-hgb_slow_raw,raw_source,base_et_leaf3_res_hgb_slow,7,1043,275,5,6.166664785379506,10.861727158813874,0.5690785042764561,0.7426046565303944,-0.06635511842261149,residual_temporal,False,et_leaf3,hgb_slow,84.0,959.0
residual_T7_raw_source_base-et_leaf2_res-hgb_slow_raw,raw_source,base_et_leaf2_res_hgb_slow,7,1043,275,5,6.014954060854308,10.868396605265971,0.5685491427550462,0.7802746602810076,0.05771160946779207,residual_temporal,False,et_leaf2,hgb_slow,84.0,959.0
residual_T7_raw_source_base-et_leaf2_res-et_leaf1_raw,raw_source,base_et_leaf2_res_et_leaf1,7,1043,275,5,6.004061534583815,10.87066054553953,0.568369377378205,0.7807645480511237,-0.20875852033004966,residual_temporal,False,et_leaf2,et_leaf1,84.0,959.0
residual_T7_raw_source_base-et_leaf2_res-et_leaf3_raw,raw_source,base_et_leaf2_res_et_leaf3,7,1043,275,5,6.092210948615054,10.888006811999624,0.5669907760703448,0.7734756642912785,0.09787420096942306,residual_temporal,False,et_leaf2,et_leaf3,84.0,959.0
residual_T7_raw_source_base-et_leaf2_res-et_leaf2_raw,raw_source,base_et_leaf2_res_et_leaf2,7,1043,275,5,6.018763409083136,10.899432415163558,0.5660815210562449,0.7794443322466172,-0.06680956346202369,residual_temporal,False,et_leaf2,et_leaf2,84.0,959.0
residual_T7_raw_source_base-et_leaf1_res-hgb_slow_raw,raw_source,base_et_leaf1_res_hgb_slow,7,1043,275,5,6.166016673708308,10.915972121994729,0.5647635937444422,0.7823086466056952,0.3358682605350339,residual_temporal,False,et_leaf1,hgb_slow,84.0,959.0
residual_T7_top30_source_base-et_leaf1_res-et_leaf2_raw,top30_source,base_et_leaf1_res_et_leaf2,7,294,275,5,6.166016673708315,10.91597212199475,0.5647635937444406,0.7823086466056952,0.33586826053503016,residual_temporal,False,et_leaf1,et_leaf2,84.0,210.0
residual_T7_top30_source_base-et_leaf1_res-et_leaf3_raw,top30_source,base_et_leaf1_res_et_leaf3,7,294,275,5,6.166016673708315,10.91597212199475,0.5647635937444406,0.7823086466056952,0.3358682605350302,residual_temporal,False,et_leaf1,et_leaf3,84.0,210.0
residual_T7_top30_source_base-et_leaf1_res-rf_leaf2_raw,top30_source,base_et_leaf1_res_rf_leaf2,7,294,275,5,6.166016673708314,10.91597212199475,0.5647635937444406,0.7823086466056952,0.33586826053502994,residual_temporal,False,et_leaf1,rf_leaf2,84.0,210.0
residual_T7_top30_source_base-et_leaf1_res-hgb_slow_raw,top30_source,base_et_leaf1_res_hgb_slow,7,294,275,5,6.166016673708314,10.91597212199475,0.5647635937444406,0.7823086466056952,0.33586826053504026,residual_temporal,False,et_leaf1,hgb_slow,84.0,210.0
direct_T7_tabular_et_leaf1_raw,tabular,et_leaf1,7,84,275,5,6.166016673708319,10.91597212199475,0.5647635937444406,0.7823086466056952,0.33586826053504154,direct_temporal,False,,,,
residual_T7_top30_source_base-et_leaf1_res-et_leaf1_raw,top30_source,base_et_leaf1_res_et_leaf1,7,294,275,5,6.166016673708314,10.91597212199475,0.5647635937444406,0.7823086466056952,0.33586826053503027,residual_temporal,False,et_leaf1,et_leaf1,84.0,210.0
residual_T7_raw_source_base-et_leaf1_res-et_leaf3_raw,raw_source,base_et_leaf1_res_et_leaf3,7,1043,275,5,6.166016673708315,10.91597212199475,0.5647635937444406,0.7823086466056952,0.3358682605350303,residual_temporal,False,et_leaf1,et_leaf3,84.0,959.0
residual_T7_raw_source_base-et_leaf1_res-rf_leaf2_raw,raw_source,base_et_leaf1_res_rf_leaf2,7,1043,275,5,6.166016673708314,10.91597212199475,0.5647635937444406,0.7823086466056952,0.3358682605350299,residual_temporal,False,et_leaf1,rf_leaf2,84.0,959.0
residual_T7_raw_source_base-et_leaf1_res-et_leaf1_raw,raw_source,base_et_leaf1_res_et_leaf1,7,1043,275,5,6.166016673708314,10.91597212199475,0.5647635937444406,0.7823086466056952,0.33586826053503027,residual_temporal,False,et_leaf1,et_leaf1,84.0,959.0
residual_T7_raw_source_base-et_leaf1_res-et_leaf2_raw,raw_source,base_et_leaf1_res_et_leaf2,7,1043,275,5,6.166016673708315,10.91597212199475,0.5647635937444406,0.7823086466056952,0.3358682605350303,residual_temporal,False,et_leaf1,et_leaf2,84.0,959.0
residual_T7_raw_source_base-et_leaf3_res-hgb_slow_log1p,raw_source,base_et_leaf3_res_hgb_slow,7,1043,275,5,6.0346069373382685,10.926435536074237,0.5639288093903362,0.7366111768269814,-1.0045969960819312,residual_temporal,True,et_leaf3,hgb_slow,84.0,959.0
residual_T7_raw_source_base-et_leaf3_res-et_leaf1_raw,raw_source,base_et_leaf3_res_et_leaf1,7,1043,275,5,6.093437403650914,10.962857602265158,0.5610167736792739,0.773015204408413,-0.48504826175107085,residual_temporal,False,et_leaf3,et_leaf1,84.0,959.0
residual_T7_top30_source_base-et_leaf2_res-rf_leaf2_raw,top30_source,base_et_leaf2_res_rf_leaf2,7,294,275,5,6.141925572755308,10.970157765064672,0.5604319414900774,0.7706350076454805,0.13748275398169693,residual_temporal,False,et_leaf2,rf_leaf2,84.0,210.0
residual_T7_raw_source_base-et_leaf2_res-et_leaf3_log1p,raw_source,base_et_leaf2_res_et_leaf3,7,1043,275,5,5.740629188025723,10.984615265999198,0.5592725701489333,0.7847950145696894,-1.2299042524356065,residual_temporal,True,et_leaf2,et_leaf3,84.0,959.0
residual_T7_raw_source_base-et_leaf3_res-et_leaf3_log1p,raw_source,base_et_leaf3_res_et_leaf3,7,1043,275,5,5.880984762458477,10.992558656168509,0.5586349263799977,0.7693499899021956,-0.8053040206576917,residual_temporal,True,et_leaf3,et_leaf3,84.0,959.0
residual_T7_top30_source_base-et_leaf3_res-et_leaf1_raw,top30_source,base_et_leaf3_res_et_leaf1,7,294,275,5,6.2084779260086576,11.000082012787626,0.55803057515467,0.772644182222094,0.25346607081195244,residual_temporal,False,et_leaf3,et_leaf1,84.0,210.0
residual_T7_top30_source_base-et_leaf2_res-hgb_slow_raw,top30_source,base_et_leaf2_res_hgb_slow,7,294,275,5,6.119213269764637,11.033383624799637,0.5553504908883782,0.7746833617033554,0.0800428431946352,residual_temporal,False,et_leaf2,hgb_slow,84.0,210.0
residual_T7_raw_source_base-et_leaf2_res-hgb_slow_log1p,raw_source,base_et_leaf2_res_hgb_slow,7,1043,275,5,5.721190589456499,11.035101509600782,0.5552120173021593,0.7894734716251696,-1.249001032574131,residual_temporal,True,et_leaf2,hgb_slow,84.0,959.0
direct_T7_tabular_et_leaf2_raw,tabular,et_leaf2,7,84,275,5,6.194895518758863,11.044359362347555,0.5544653981719767,0.7769291134127694,0.0009936358205428581,direct_temporal,False,,,,
residual_T7_top30_source_base-et_leaf3_res-et_leaf3_log1p,top30_source,base_et_leaf3_res_et_leaf3,7,294,275,5,5.9291286200597275,11.04581800086876,0.5543477060856995,0.7766584922535414,-0.8771307450446214,residual_temporal,True,et_leaf3,et_leaf3,84.0,210.0
residual_T7_raw_source_base-et_leaf3_res-rf_leaf2_log1p,raw_source,base_et_leaf3_res_rf_leaf2,7,1043,275,5,6.088877334142417,11.048178091575869,0.5541572462753006,0.7560376215342893,-0.7814720615275396,residual_temporal,True,et_leaf3,rf_leaf2,84.0,959.0
residual_T7_top30_source_base-et_leaf2_res-et_leaf1_log1p,top30_source,base_et_leaf2_res_et_leaf1,7,294,275,5,5.712624512102017,11.052287982494269,0.5538254800987086,0.794340036352096,-1.1663798846347226,residual_temporal,True,et_leaf2,et_leaf1,84.0,210.0
residual_T7_top30_source_base-et_leaf3_res-et_leaf2_log1p,top30_source,base_et_leaf3_res_et_leaf2,7,294,275,5,5.911903665461471,11.056612246353922,0.5534762756998156,0.7742494446207554,-0.8026718700664752,residual_temporal,True,et_leaf3,et_leaf2,84.0,210.0
residual_T7_top30_source_base-et_leaf2_res-et_leaf2_log1p,top30_source,base_et_leaf2_res_et_leaf2,7,294,275,5,5.731014582875243,11.057351313492934,0.5534165789258529,0.788842791610167,-1.2245088961502422,residual_temporal,True,et_leaf2,et_leaf2,84.0,210.0
residual_T7_raw_source_base-et_leaf2_res-rf_leaf2_log1p,raw_source,base_et_leaf2_res_rf_leaf2,7,1043,275,5,5.839493331865507,11.061883107375888,0.5530504444538684,0.7758212400103863,-1.214979701962824,residual_temporal,True,et_leaf2,rf_leaf2,84.0,959.0
residual_T7_top30_source_base-et_leaf2_res-et_leaf3_log1p,top30_source,base_et_leaf2_res_et_leaf3,7,294,275,5,5.741269859048119,11.067857933427932,0.552567494668019,0.7922287296962005,-1.2633772250738977,residual_temporal,True,et_leaf2,et_leaf3,84.0,210.0
residual_T7_top30_source_base-et_leaf3_res-hgb_slow_raw,top30_source,base_et_leaf3_res_hgb_slow,7,294,275,5,6.324575488474483,11.078895024632834,0.5516746722787352,0.7427852629756787,0.1766445920800306,residual_temporal,False,et_leaf3,hgb_slow,84.0,210.0
residual_T7_raw_source_base-et_leaf3_res-et_leaf2_log1p,raw_source,base_et_leaf3_res_et_leaf2,7,1043,275,5,5.6871548396839335,11.085514786059031,0.551138753605838,0.7887862439052538,-1.2616606559845425,residual_temporal,True,et_leaf3,et_leaf2,84.0,959.0
direct_T7_tabular_plus_top30_source_et_leaf3_raw,tabular_plus_top30_source,et_leaf3,7,294,275,5,6.715147210791205,11.115937552385907,0.5486716893162304,0.7175661406191397,0.09515688851096211,direct_temporal,False,,,,
residual_T7_top30_source_base-et_leaf3_res-et_leaf1_log1p,top30_source,base_et_leaf3_res_et_leaf1,7,294,275,5,5.9519829274593885,11.123263939824099,0.5480765625941801,0.7761732206226019,-0.6540508362571242,residual_temporal,True,et_leaf3,et_leaf1,84.0,210.0
residual_T7_top30_source_base-et_leaf3_res-hgb_slow_log1p,top30_source,base_et_leaf3_res_hgb_slow,7,294,275,5,6.2558510152224045,11.142846383256803,0.5464839446040564,0.7415891059115434,-0.7559742515616739,residual_temporal,True,et_leaf3,hgb_slow,84.0,210.0
residual_T7_raw_source_base-et_leaf2_res-et_leaf2_log1p,raw_source,base_et_leaf2_res_et_leaf2,7,1043,275,5,5.64894972363762,11.147581592677927,0.5460984147818865,0.7929367300424107,-1.4343255766423433,residual_temporal,True,et_leaf2,et_leaf2,84.0,959.0
residual_T7_raw_source_base-et_leaf2_res-et_leaf1_log1p,raw_source,base_et_leaf2_res_et_leaf1,7,1043,275,5,5.651717916566897,11.149932357942333,0.5459069600568351,0.7930186665127954,-1.6892542275310767,residual_temporal,True,et_leaf2,et_leaf1,84.0,959.0
residual_T7_top30_source_base-et_leaf3_res-rf_leaf2_raw,top30_source,base_et_leaf3_res_rf_leaf2,7,294,275,5,6.361507122975176,11.183337480412264,0.5431819647320622,0.7565961743746575,0.2496746510188852,residual_temporal,False,et_leaf3,rf_leaf2,84.0,210.0
direct_T7_tabular_plus_top30_source_et_leaf2_raw,tabular_plus_top30_source,et_leaf2,7,294,275,5,6.66016386723304,11.18562625201609,0.5429949616768579,0.7211551888289431,0.2241276056015332,direct_temporal,False,,,,
residual_T7_raw_source_base-et_leaf3_res-et_leaf1_log1p,raw_source,base_et_leaf3_res_et_leaf1,7,1043,275,5,5.80698603928526,11.237529434094618,0.5387439617587346,0.7773988055739881,-1.6333204456215624,residual_temporal,True,et_leaf3,et_leaf1,84.0,959.0
residual_T7_top30_source_base-et_leaf2_res-rf_leaf2_log1p,top30_source,base_et_leaf2_res_rf_leaf2,7,294,275,5,5.890543941055443,11.246295601391639,0.5380240482355411,0.77939643980266,-1.1604301885968744,residual_temporal,True,et_leaf2,rf_leaf2,84.0,210.0
residual_T7_top30_source_base-et_leaf2_res-hgb_slow_log1p,top30_source,base_et_leaf2_res_hgb_slow,7,294,275,5,5.918371663806238,11.251270235210095,0.5376152612796627,0.7725155073425465,-1.1810754302948905,residual_temporal,True,et_leaf2,hgb_slow,84.0,210.0
residual_T7_top30_source_base-et_leaf1_res-hgb_slow_log1p,top30_source,base_et_leaf1_res_hgb_slow,7,294,275,5,5.702654267495009,11.263614673660008,0.5366000850274912,0.7958091226450478,-1.6240975573024168,residual_temporal,True,et_leaf1,hgb_slow,84.0,210.0
residual_T7_raw_source_base-et_leaf1_res-hgb_slow_log1p,raw_source,base_et_leaf1_res_hgb_slow,7,1043,275,5,5.702654267495057,11.26361467366008,0.5366000850274855,0.7958091226450478,-1.624097557302394,residual_temporal,True,et_leaf1,hgb_slow,84.0,959.0
residual_T7_top30_source_base-et_leaf1_res-et_leaf3_log1p,top30_source,base_et_leaf1_res_et_leaf3,7,294,275,5,5.702654267495122,11.263614673660197,0.5366000850274757,0.7958091226450478,-1.6240975573023884,residual_temporal,True,et_leaf1,et_leaf3,84.0,210.0
residual_T7_top30_source_base-et_leaf1_res-et_leaf2_log1p,top30_source,base_et_leaf1_res_et_leaf2,7,294,275,5,5.702654267495123,11.263614673660197,0.5366000850274757,0.7958091226450478,-1.6240975573023892,residual_temporal,True,et_leaf1,et_leaf2,84.0,210.0
residual_T7_raw_source_base-et_leaf1_res-et_leaf1_log1p,raw_source,base_et_leaf1_res_et_leaf1,7,1043,275,5,5.702654267495123,11.263614673660197,0.5366000850274757,0.7958091226450478,-1.6240975573023895,residual_temporal,True,et_leaf1,et_leaf1,84.0,959.0
residual_T7_raw_source_base-et_leaf1_res-et_leaf2_log1p,raw_source,base_et_leaf1_res_et_leaf2,7,1043,275,5,5.702654267495123,11.263614673660197,0.5366000850274757,0.7958091226450478,-1.6240975573023895,residual_temporal,True,et_leaf1,et_leaf2,84.0,959.0
residual_T7_raw_source_base-et_leaf1_res-et_leaf3_log1p,raw_source,base_et_leaf1_res_et_leaf3,7,1043,275,5,5.702654267495124,11.263614673660198,0.5366000850274757,0.7958091226450478,-1.6240975573023897,residual_temporal,True,et_leaf1,et_leaf3,84.0,959.0
residual_T7_top30_source_base-et_leaf1_res-et_leaf1_log1p,top30_source,base_et_leaf1_res_et_leaf1,7,294,275,5,5.702654267495124,11.263614673660198,0.5366000850274757,0.7958091226450478,-1.624097557302389,residual_temporal,True,et_leaf1,et_leaf1,84.0,210.0
residual_T7_top30_source_base-et_leaf1_res-rf_leaf2_log1p,top30_source,base_et_leaf1_res_rf_leaf2,7,294,275,5,5.702654267495124,11.2636146736602,0.5366000850274755,0.7958091226450478,-1.624097557302391,residual_temporal,True,et_leaf1,rf_leaf2,84.0,210.0
residual_T7_raw_source_base-et_leaf1_res-rf_leaf2_log1p,raw_source,base_et_leaf1_res_rf_leaf2,7,1043,275,5,5.702654267495123,11.2636146736602,0.5366000850274755,0.7958091226450478,-1.6240975573023904,residual_temporal,True,et_leaf1,rf_leaf2,84.0,959.0
direct_T7_tabular_et_leaf1_log1p,tabular,et_leaf1,7,84,275,5,5.7026542674951175,11.263614673660202,0.5366000850274754,0.7958091226450478,-1.624097557302418,direct_temporal,True,,,,
direct_T7_tabular_et_leaf3_raw,tabular,et_leaf3,7,84,275,5,6.432605576150687,11.264185115587047,0.5365531463773475,0.7636773318715558,-0.05656060325839139,direct_temporal,False,,,,
direct_T7_tabular_plus_top30_source_et_leaf1_raw,tabular_plus_top30_source,et_leaf1,7,294,275,5,6.726458683910564,11.333089879321502,0.530865852124998,0.7245041978015638,0.35752918155857877,direct_temporal,False,,,,
residual_T7_top30_source_base-et_leaf3_res-rf_leaf2_log1p,top30_source,base_et_leaf3_res_rf_leaf2,7,294,275,5,6.237544915463066,11.472807860261785,0.5192272759444299,0.753131761922622,-0.6541739695953833,residual_temporal,True,et_leaf3,rf_leaf2,84.0,210.0
direct_T7_tabular_et_leaf2_log1p,tabular,et_leaf2,7,84,275,5,5.769853471109423,11.495260810528066,0.5173436343484428,0.7888018233749747,-1.8426299077432045,direct_temporal,True,,,,
direct_T7_tabular_plus_top30_source_et_leaf1_log1p,tabular_plus_top30_source,et_leaf1,7,294,275,5,6.05000325412441,11.770231453363792,0.49397684976110434,0.7561899541271169,-1.877004849213007,direct_temporal,True,,,,
direct_T7_tabular_plus_raw_source_hgb_slow_log1p,tabular_plus_raw_source,hgb_slow,7,1043,275,5,6.365568497225958,11.800840530738153,0.49134155042083905,0.6886921900695306,-1.7447576683429618,direct_temporal,True,,,,
direct_T7_tabular_plus_top30_source_et_leaf2_log1p,tabular_plus_top30_source,et_leaf2,7,294,275,5,6.16246635481903,11.865109770355684,0.48578599493032537,0.7453137532096593,-1.9138131176745041,direct_temporal,True,,,,
direct_T7_tabular_et_leaf3_log1p,tabular,et_leaf3,7,84,275,5,5.969495269014846,11.869729762640244,0.4853854714972058,0.7727890135887597,-2.0141140972690468,direct_temporal,True,,,,
direct_T7_tabular_plus_top30_source_ridge_log1p,tabular_plus_top30_source,ridge,7,294,275,5,7.520974004778889,11.891214732202531,0.4835208150698118,0.5190790802342691,-0.438002999415047,direct_temporal,True,,,,
direct_T7_tabular_plus_raw_source_et_leaf2_log1p,tabular_plus_raw_source,et_leaf2,7,1043,275,5,6.123284428428639,11.971026088608195,0.47656454722034414,0.7564900031735958,-1.6241952565833686,direct_temporal,True,,,,
direct_T7_tabular_plus_raw_source_hgb_slow_raw,tabular_plus_raw_source,hgb_slow,7,1043,275,5,7.678032645205377,12.001628261955917,0.47388495459169,0.5482905859611668,0.34942556397063335,direct_temporal,False,,,,
direct_T7_tabular_plus_raw_source_et_leaf3_log1p,tabular_plus_raw_source,et_leaf3,7,1043,275,5,6.248263517327565,12.09482747169156,0.46568208554925083,0.7519817662502525,-1.671924541354106,direct_temporal,True,,,,
direct_T7_tabular_plus_top30_source_et_leaf3_log1p,tabular_plus_top30_source,et_leaf3,7,294,275,5,6.311071318105653,12.16509856939293,0.45945526155608973,0.7411026802458094,-2.0730042385063876,direct_temporal,True,,,,
direct_T7_tabular_plus_raw_source_et_leaf3_raw,tabular_plus_raw_source,et_leaf3,7,1043,275,5,7.0355283550035645,12.299769667332697,0.44742104944805905,0.7134872046392199,0.3923993749777046,direct_temporal,False,,,,
direct_T7_tabular_hgb_slow_log1p,tabular,hgb_slow,7,84,275,5,6.628024770755057,12.309823721159349,0.44651730420559654,0.6955206139465104,-1.6177819929064834,direct_temporal,True,,,,
direct_T7_tabular_ridge_log1p,tabular,ridge,7,84,275,5,7.4288595375433255,12.319766880672551,0.44562280083876615,0.5696967773578373,-1.5568741826964805,direct_temporal,True,,,,
direct_T7_tabular_plus_raw_source_ridge_log1p,tabular_plus_raw_source,ridge,7,1043,275,5,7.695184161900411,12.368012208135044,0.4412723159847254,0.5635301924353019,-0.27393036781032587,direct_temporal,True,,,,
direct_T7_tabular_plus_top30_source_hgb_slow_log1p,tabular_plus_top30_source,hgb_slow,7,294,275,5,6.715455390164911,12.370931835145601,0.44100849525878405,0.6769735437523442,-1.6785017936461315,direct_temporal,True,,,,
direct_T7_tabular_plus_top30_source_hgb_slow_raw,tabular_plus_top30_source,hgb_slow,7,294,275,5,7.843101817490257,12.425928385581678,0.436027311953759,0.5873742823346124,0.3510460797868833,direct_temporal,False,,,,
direct_T7_tabular_plus_raw_source_et_leaf1_log1p,tabular_plus_raw_source,et_leaf1,7,1043,275,5,6.3192328561007916,12.46683141157864,0.43230828893381146,0.750173970745218,-1.431252424687061,direct_temporal,True,,,,
direct_T7_raw_source_hgb_slow_raw,raw_source,hgb_slow,7,959,275,5,7.9088394564500515,12.470412674688784,0.4319820881011448,0.4492329095361191,0.24132497554629723,direct_temporal,False,,,,
direct_T7_raw_source_et_leaf2_log1p,raw_source,et_leaf2,7,959,275,5,6.5245356735562785,12.507624209566156,0.428587115556907,0.7105127861950948,-1.5843674107362382,direct_temporal,True,,,,
direct_T7_top30_source_et_leaf2_raw,top30_source,et_leaf2,7,210,275,5,7.551844542839269,12.547547851748533,0.42493345729487086,0.624991488960764,0.5339760749259336,direct_temporal,False,,,,
direct_T7_top30_source_et_leaf3_raw,top30_source,et_leaf3,7,210,275,5,7.606346592764628,12.56266601288813,0.42354686187409774,0.6272360969968309,0.308239095401906,direct_temporal,False,,,,
direct_T7_tabular_hgb_slow_raw,tabular,hgb_slow,7,84,275,5,7.998089009462029,12.63206375948351,0.4171604716220034,0.6002008020541819,0.9444337620980396,direct_temporal,False,,,,
direct_T7_raw_source_hgb_slow_log1p,raw_source,hgb_slow,7,959,275,5,6.766463833181749,12.666397530617912,0.4139878666902752,0.6207677021165455,-1.9995182687441593,direct_temporal,True,,,,
direct_T7_tabular_plus_raw_source_et_leaf2_raw,tabular_plus_raw_source,et_leaf2,7,1043,275,5,7.005291941507476,12.667781870054139,0.41385976648887157,0.7104388217304751,0.09869593250810417,direct_temporal,False,,,,
direct_T7_tabular_plus_raw_source_rf_leaf2_raw,tabular_plus_raw_source,rf_leaf2,7,1043,275,5,7.9022848024037255,12.694241948150689,0.41140858534160907,0.5941196157064135,0.33818209532760685,direct_temporal,False,,,,
direct_T7_top30_source_et_leaf1_log1p,top30_source,et_leaf1,7,210,275,5,6.822721073758895,12.7308516032144,0.4080087445797026,0.6755978793430711,-1.8177233246697138,direct_temporal,True,,,,
direct_T7_tabular_rf_leaf2_raw,tabular,rf_leaf2,7,84,275,5,7.489509542811328,12.807602897392067,0.4008492774595813,0.6741461585066789,0.08479634277845734,direct_temporal,False,,,,
direct_T7_top30_source_et_leaf2_log1p,top30_source,et_leaf2,7,210,275,5,6.851818237974382,12.813045805576248,0.40033992136152285,0.6762885723557117,-1.878074623758094,direct_temporal,True,,,,
direct_T7_top30_source_et_leaf1_raw,top30_source,et_leaf1,7,210,275,5,7.59170805225943,12.81838489294,0.3998400707179547,0.6261374508012855,0.575323138529807,direct_temporal,False,,,,
direct_T7_tabular_rf_leaf2_log1p,tabular,rf_leaf2,7,84,275,5,6.718460407633375,12.892397159690688,0.39288951751054046,0.7098283373243703,-2.1487008057045918,direct_temporal,True,,,,
direct_T7_tabular_plus_raw_source_rf_leaf2_log1p,tabular_plus_raw_source,rf_leaf2,7,1043,275,5,6.913323445904553,12.953045785623347,0.3871641242111352,0.6750076454805113,-2.1868769177106926,direct_temporal,True,,,,
direct_T7_top30_source_et_leaf3_log1p,top30_source,et_leaf3,7,210,275,5,6.952319779440506,12.974735368721268,0.38511004618499245,0.6667677413543999,-1.9483351230159154,direct_temporal,True,,,,
direct_T7_tabular_ridge_raw,tabular,ridge,7,84,275,5,8.86662302933209,12.9835434277001,0.3842749115669094,0.5139540117134531,0.36486952808563344,direct_temporal,False,,,,
direct_T7_tabular_plus_top30_source_rf_leaf2_raw,tabular_plus_top30_source,rf_leaf2,7,294,275,5,7.847908004218301,13.042402888752415,0.37867961396420746,0.6375788350018753,0.24705755645511732,direct_temporal,False,,,,
direct_T7_raw_source_et_leaf3_log1p,raw_source,et_leaf3,7,959,275,5,6.799701951008483,13.054003748963316,0.37757382746165746,0.7049497357900252,-1.4463010194032866,direct_temporal,True,,,,
direct_T7_raw_source_rf_leaf2_log1p,raw_source,rf_leaf2,7,959,275,5,7.212232292499075,13.090624962949617,0.37407666671087614,0.6236291445974853,-2.020239289410098,direct_temporal,True,,,,
direct_T7_top30_source_hgb_slow_log1p,top30_source,hgb_slow,7,210,275,5,7.284825029077172,13.246200382298303,0.35911069968824294,0.5974987911493389,-2.075661041950282,direct_temporal,True,,,,
direct_T7_tabular_plus_top30_source_rf_leaf2_log1p,tabular_plus_top30_source,rf_leaf2,7,294,275,5,7.02724010958707,13.286637409766321,0.3551918075983701,0.6868693921121722,-2.186812165387806,direct_temporal,True,,,,
direct_T7_raw_source_et_leaf3_raw,raw_source,et_leaf3,7,959,275,5,7.7359098713075545,13.358606227509371,0.3481875123553161,0.6536330337130138,0.5319747901660661,direct_temporal,False,,,,
direct_T7_raw_source_rf_leaf2_raw,raw_source,rf_leaf2,7,959,275,5,8.262221309155873,13.377696648404696,0.34632320618952017,0.5242853318094315,0.6015711967751306,direct_temporal,False,,,,
direct_T7_top30_source_hgb_slow_raw,top30_source,hgb_slow,7,210,275,5,8.150764766397565,13.468642618036286,0.3374051765429761,0.4450500911162093,0.06583855104532885,direct_temporal,False,,,,
direct_T7_raw_source_ridge_log1p,raw_source,ridge,7,959,275,5,8.22315390771405,13.479389578745147,0.33634735331633936,0.48416628103008463,-0.9624305793740727,direct_temporal,True,,,,
direct_T7_raw_source_et_leaf1_log1p,raw_source,et_leaf1,7,959,275,5,6.8275199112379665,13.635108477003534,0.32092526195939675,0.7074747755755851,-1.2961414594965126,direct_temporal,True,,,,
direct_T7_tabular_plus_top30_source_ridge_raw,tabular_plus_top30_source,ridge,7,294,275,5,9.774463797098415,13.663170183128278,0.3181272490438942,0.4680364631351715,0.638517987609178,direct_temporal,False,,,,
direct_T7_tabular_plus_raw_source_ridge_raw,tabular_plus_raw_source,ridge,7,1043,275,5,10.276518219092,13.789967371070876,0.3054126699404903,0.4741267901632542,1.1148989867800656,direct_temporal,False,,,,
direct_T7_raw_source_et_leaf2_raw,raw_source,et_leaf2,7,959,275,5,7.531244777448999,13.840388797837086,0.3003240268191604,0.6497121824006555,-0.2021051829248294,direct_temporal,False,,,,
direct_T7_top30_source_rf_leaf2_log1p,top30_source,rf_leaf2,7,210,275,5,7.561941721574546,13.996843867318706,0.28441600862407623,0.5968836877646482,-2.1864838185651716,direct_temporal,True,,,,
direct_T7_tabular_plus_raw_source_et_leaf1_raw,tabular_plus_raw_source,et_leaf1,7,1043,275,5,7.297906373734078,14.06622443413267,0.277304309464125,0.699984420530279,-0.38293804877414916,direct_temporal,False,,,,
direct_T7_top30_source_rf_leaf2_raw,top30_source,rf_leaf2,7,210,275,5,8.72098074709353,14.267754697788135,0.25644748323819744,0.4792016004279459,0.7167458176217414,direct_temporal,False,,,,
direct_T7_raw_source_ridge_raw,raw_source,ridge,7,959,275,5,10.730203555877022,14.49874644988534,0.2321766942153275,0.4006961442421948,0.8102413690018268,direct_temporal,False,,,,
direct_T7_top30_source_ridge_log1p,top30_source,ridge,7,210,275,5,9.493578934063033,14.900676084101383,0.18901592184801597,0.24648710187320982,-1.2318070298647323,direct_temporal,True,,,,
direct_T7_raw_source_et_leaf1_raw,raw_source,et_leaf1,7,959,275,5,7.741346037745165,15.238814686674088,0.15179123578659437,0.6369081072540425,-0.6844798942332845,direct_temporal,False,,,,
direct_T7_top30_source_ridge_raw,top30_source,ridge,7,210,275,5,11.327701287768127,15.65468064092284,0.10486445146551227,0.23956365868142318,0.3916008826615105,direct_temporal,False,,,,
