experiment,feature_set,model,T,cv,pca_dim,n_rows,n_features_per_timestep,n_flattened_features,explained_variance,log_target,valid_embedding_rows,total_rows,MAE,RMSE,R2,Spearman,Bias
resnet50_pca8_T7_random2fold_flattened_extra_trees_raw,resnet50_pca8_T7,flattened_extra_trees,7,random_2fold_sequence_cv,8,233,8,56,0.23441481590270996,False,252,281,8.760398088570827,13.21116487635169,0.4250020869767793,0.2680790671023022,0.9908590212553866
resnet50_pca16_T7_random2fold_flattened_extra_trees_raw,resnet50_pca16_T7,flattened_extra_trees,7,random_2fold_sequence_cv,16,233,16,112,0.34075337648391724,False,252,281,8.808397807912934,13.410455578394695,0.40752353028081145,0.28425697187721755,1.091776981937357
resnet50_pca32_T7_random2fold_flattened_extra_trees_raw,resnet50_pca32_T7,flattened_extra_trees,7,random_2fold_sequence_cv,32,233,32,224,0.47574350237846375,False,252,281,9.183915328572919,13.683998113885862,0.38310669856471924,0.23162304618572196,1.1419316205848762
resnet50_pca16_T7_random2fold_gru_h32_log1p,resnet50_pca16_T7,gru_h32,7,random_2fold_sequence_cv,16,233,16,112,0.34075337648391724,True,252,281,7.489744691889685,13.698450123662045,0.38180297785253536,0.5971698864994707,-3.91361491362936
resnet50_pca64_T7_random2fold_flattened_extra_trees_raw,resnet50_pca64_T7,flattened_extra_trees,7,random_2fold_sequence_cv,64,233,64,448,0.6464006304740906,False,252,281,9.383147835794604,14.029082467357153,0.351600637092053,0.1708598490454344,0.9359972618553932
resnet50_pca8_T7_random2fold_flattened_extra_trees_log1p,resnet50_pca8_T7,flattened_extra_trees,7,random_2fold_sequence_cv,8,233,8,56,0.23441481590270996,True,252,281,7.983113171288877,14.046180094592946,0.35001922988399903,0.32147478588206724,-2.493077859323901
resnet50_pca8_T7_random2fold_flattened_random_forest_raw,resnet50_pca8_T7,flattened_random_forest,7,random_2fold_sequence_cv,8,233,8,56,0.23441481590270996,False,252,281,9.004411601603191,14.267190587419437,0.3294039843866914,0.23700587804480064,0.7470933789873387
resnet50_pca32_T7_random2fold_lstm_h32_log1p,resnet50_pca32_T7,lstm_h32,7,random_2fold_sequence_cv,32,233,32,224,0.47574350237846375,True,252,281,7.842742717317246,14.268456542498233,0.32928497257552714,0.4984318256850446,-4.124218058688446
resnet50_pca32_T7_random2fold_flattened_random_forest_raw,resnet50_pca32_T7,flattened_random_forest,7,random_2fold_sequence_cv,32,233,32,224,0.47574350237846375,False,252,281,9.38862534951571,14.333637683004065,0.32314305715629843,0.20844480367937526,1.2006888619355147
resnet50_pca16_T7_random2fold_flattened_random_forest_raw,resnet50_pca16_T7,flattened_random_forest,7,random_2fold_sequence_cv,16,233,16,112,0.34075337648391724,False,252,281,9.271492612747986,14.452757285439672,0.3118462800902936,0.2156756715732593,1.1623144199790651
resnet50_pca16_T7_random2fold_flattened_extra_trees_log1p,resnet50_pca16_T7,flattened_extra_trees,7,random_2fold_sequence_cv,16,233,16,112,0.34075337648391724,True,252,281,8.085607863144988,14.497212679673742,0.3076063702013081,0.3503422851136333,-2.545864820109515
resnet50_pca32_T7_random2fold_gru_h32_log1p,resnet50_pca32_T7,gru_h32,7,random_2fold_sequence_cv,32,233,32,224,0.47574350237846375,True,252,281,7.954319140430172,14.555848377892838,0.3019941068607095,0.5555520770483032,-3.8861539425256426
resnet50_pca32_T7_random2fold_flattened_extra_trees_log1p,resnet50_pca32_T7,flattened_extra_trees,7,random_2fold_sequence_cv,32,233,32,224,0.47574350237846375,True,252,281,8.182385108825839,14.632211096058725,0.29465115561675304,0.3655990179225343,-2.524511904714618
resnet50_pca8_T7_random2fold_flattened_random_forest_log1p,resnet50_pca8_T7,flattened_random_forest,7,random_2fold_sequence_cv,8,233,8,56,0.23441481590270996,True,252,281,8.008630192935266,14.66857805152739,0.29114064488420954,0.3026965388220383,-2.6655073619672693
resnet50_pca64_T7_random2fold_flattened_random_forest_raw,resnet50_pca64_T7,flattened_random_forest,7,random_2fold_sequence_cv,64,233,64,448,0.6464006304740906,False,252,281,9.616152841203078,14.773545160924655,0.2809592705162939,0.18165587064506702,0.9884059504679006
resnet50_pca32_T7_random2fold_flattened_random_forest_log1p,resnet50_pca32_T7,flattened_random_forest,7,random_2fold_sequence_cv,32,233,32,224,0.47574350237846375,True,252,281,8.229103745618355,14.835211746254803,0.27494401446895245,0.32901777074486854,-2.505379777150411
resnet50_pca16_T7_random2fold_flattened_random_forest_log1p,resnet50_pca16_T7,flattened_random_forest,7,random_2fold_sequence_cv,16,233,16,112,0.34075337648391724,True,252,281,8.095419383325448,14.8516480610703,0.27333650790215835,0.33931952808673244,-2.62995321871418
resnet50_pca8_T7_random2fold_gru_h32_log1p,resnet50_pca8_T7,gru_h32,7,random_2fold_sequence_cv,8,233,8,56,0.23441481590270996,True,252,281,8.090228535075044,14.878391161745741,0.27071717146380214,0.5425143156384833,-2.886270928280548
resnet50_pca64_T7_random2fold_flattened_extra_trees_log1p,resnet50_pca64_T7,flattened_extra_trees,7,random_2fold_sequence_cv,64,233,64,448,0.6464006304740906,True,252,281,8.27022288569182,14.97685251723868,0.2610328215326245,0.36914614663615697,-2.6199002067704864
resnet50_pca8_T7_random2fold_gru_h32_raw,resnet50_pca8_T7,gru_h32,7,random_2fold_sequence_cv,8,233,8,56,0.23441481590270996,False,252,281,7.296160294774264,14.996252001792051,0.25911721653191133,0.6587147990877458,-2.9656156674986747
resnet50_pca16_T7_random2fold_lstm_h32_log1p,resnet50_pca16_T7,lstm_h32,7,random_2fold_sequence_cv,16,233,16,112,0.34075337648391724,True,252,281,8.45703147613951,15.095974744001266,0.24923094393732992,0.4875674988520926,-3.8009402895178406
resnet50_pca16_T7_random2fold_gru_h8_log1p,resnet50_pca16_T7,gru_h8,7,random_2fold_sequence_cv,16,233,16,112,0.34075337648391724,True,252,281,8.219983675960819,15.222742928497448,0.23656886132481791,0.5050403570086861,-2.9429803303894566
resnet50_pca64_T7_random2fold_gru_h32_raw,resnet50_pca64_T7,gru_h32,7,random_2fold_sequence_cv,64,233,64,448,0.6464006304740906,False,252,281,7.238047084583234,15.277125634843298,0.23110445698813897,0.6706814964917673,-4.028782149241206
resnet50_pca8_T7_random2fold_lstm_h32_raw,resnet50_pca8_T7,lstm_h32,7,random_2fold_sequence_cv,8,233,8,56,0.23441481590270996,False,252,281,7.547160360946164,15.335731673013578,0.22519387461962614,0.6358382380285592,-3.1422803570784215
resnet50_pca16_T7_random2fold_gru_h32_raw,resnet50_pca16_T7,gru_h32,7,random_2fold_sequence_cv,16,233,16,112,0.34075337648391724,False,252,281,7.205142888900037,15.358116946716237,0.22293028445179153,0.678799383735006,-3.1986502782469657
resnet50_pca32_T7_random2fold_gru_h32_raw,resnet50_pca32_T7,gru_h32,7,random_2fold_sequence_cv,32,233,32,224,0.47574350237846375,False,252,281,7.464415379348231,15.364561381074912,0.2222780136753728,0.6210918971019608,-3.2751076385186977
resnet50_pca64_T7_random2fold_gru_h16_log1p,resnet50_pca64_T7,gru_h16,7,random_2fold_sequence_cv,64,233,64,448,0.6464006304740906,True,252,281,8.076308894055083,15.451863011416943,0.21341485256577641,0.5848047419010863,-5.179537569504439
resnet50_pca64_T7_random2fold_flattened_random_forest_log1p,resnet50_pca64_T7,flattened_random_forest,7,random_2fold_sequence_cv,64,233,64,448,0.6464006304740906,True,252,281,8.397333559618835,15.4761288476411,0.21094238258340603,0.34336661316090056,-2.570332835552362
resnet50_pca32_T7_random2fold_gru_h8_log1p,resnet50_pca32_T7,gru_h8,7,random_2fold_sequence_cv,32,233,32,224,0.47574350237846375,True,252,281,8.44358327767368,15.573980600750447,0.2009328040945142,0.5209725526804112,-3.8315843717223075
resnet50_pca8_T7_random2fold_lstm_h32_log1p,resnet50_pca8_T7,lstm_h32,7,random_2fold_sequence_cv,8,233,8,56,0.23441481590270996,True,252,281,8.339284018897192,15.617856690845333,0.19642408768814945,0.5152681170144542,-3.306088854826571
resnet50_pca32_T7_random2fold_lstm_h16_log1p,resnet50_pca32_T7,lstm_h16,7,random_2fold_sequence_cv,32,233,32,224,0.47574350237846375,True,252,281,8.317076486579339,15.680916816301638,0.1899217998148709,0.4704152958185813,-5.128113308689625
resnet50_pca64_T7_random2fold_gru_h8_log1p,resnet50_pca64_T7,gru_h8,7,random_2fold_sequence_cv,64,233,64,448,0.6464006304740906,True,252,281,8.809706274531942,15.767270982474601,0.18097509800995182,0.36608948744511866,-3.975324581621031
resnet50_pca16_T7_random2fold_gru_h16_log1p,resnet50_pca16_T7,gru_h16,7,random_2fold_sequence_cv,16,233,16,112,0.34075337648391724,True,252,281,8.480527721249494,15.821234159432459,0.1753593110078,0.4840241648736543,-3.698612437227765
resnet50_pca64_T7_random2fold_gru_h32_log1p,resnet50_pca64_T7,gru_h32,7,random_2fold_sequence_cv,64,233,64,448,0.6464006304740906,True,252,281,8.623869052772358,15.862703897338406,0.17103064089775388,0.5165184822577157,-5.741603986388112
resnet50_pca64_T7_random2fold_lstm_h32_log1p,resnet50_pca64_T7,lstm_h32,7,random_2fold_sequence_cv,64,233,64,448,0.6464006304740906,True,252,281,8.604411609183053,15.871608180691888,0.17009972145000263,0.5155176208528288,-5.3326491664919216
resnet50_pca16_T7_random2fold_lstm_h32_raw,resnet50_pca16_T7,lstm_h32,7,random_2fold_sequence_cv,16,233,16,112,0.34075337648391724,False,252,281,7.733794760806366,15.902599009153114,0.16685563848506113,0.5899930935819645,-3.9794368498315116
resnet50_pca16_T7_random2fold_lstm_h16_log1p,resnet50_pca16_T7,lstm_h16,7,random_2fold_sequence_cv,16,233,16,112,0.34075337648391724,True,252,281,8.70179701670045,15.910852878352978,0.1659905661574591,0.3932284848001882,-4.385771393264312
resnet50_pca8_T7_random2fold_gru_h16_log1p,resnet50_pca8_T7,gru_h16,7,random_2fold_sequence_cv,8,233,8,56,0.23441481590270996,True,252,281,8.252499272383334,16.05081402552502,0.15125316322286142,0.4962972871438167,-3.721072433332517
resnet50_pca32_T7_random2fold_gru_h16_log1p,resnet50_pca32_T7,gru_h16,7,random_2fold_sequence_cv,32,233,32,224,0.47574350237846375,True,252,281,8.341233255525516,16.17572001761597,0.13799202150976853,0.4573727909897808,-5.056250701134808
resnet50_pca32_T7_random2fold_lstm_h8_log1p,resnet50_pca32_T7,lstm_h8,7,random_2fold_sequence_cv,32,233,32,224,0.47574350237846375,True,252,281,9.183055797871601,16.246856508583182,0.1303935890839546,0.32906615361846975,-3.8397596240555267
resnet50_pca32_T7_random2fold_lstm_h32_raw,resnet50_pca32_T7,lstm_h32,7,random_2fold_sequence_cv,32,233,32,224,0.47574350237846375,False,252,281,8.0578823427274,16.32577975973189,0.1219243982272018,0.5653045464722244,-4.823381138461854
resnet50_pca8_T7_random2fold_lstm_h16_log1p,resnet50_pca8_T7,lstm_h16,7,random_2fold_sequence_cv,8,233,8,56,0.23441481590270996,True,252,281,8.983669074308207,16.440937181885676,0.10949331691859765,0.4119602463542082,-3.8585596473431893
resnet50_pca16_T7_random2fold_gru_h16_raw,resnet50_pca16_T7,gru_h16,7,random_2fold_sequence_cv,16,233,16,112,0.34075337648391724,False,252,281,7.966708352125766,16.49386026153596,0.10375103978939215,0.5748786633424786,-4.583885852871023
resnet50_pca64_T7_random2fold_lstm_h16_log1p,resnet50_pca64_T7,lstm_h16,7,random_2fold_sequence_cv,64,233,64,448,0.6464006304740906,True,252,281,8.816094720824083,16.570693265961612,0.09538163598997207,0.4440058363027136,-5.141157546268512
resnet50_pca8_T7_random2fold_gru_h8_log1p,resnet50_pca8_T7,gru_h8,7,random_2fold_sequence_cv,8,233,8,56,0.23441481590270996,True,252,281,8.692847135240939,16.64235875569463,0.08754006818867643,0.4395944566508427,-3.1542088443117593
resnet50_pca64_T7_random2fold_gru_h16_raw,resnet50_pca64_T7,gru_h16,7,random_2fold_sequence_cv,64,233,64,448,0.6464006304740906,False,252,281,8.380918153877422,16.657349163729243,0.08589555287585493,0.5307648668237687,-5.1363381960872925
resnet50_pca64_T7_random2fold_lstm_h32_raw,resnet50_pca64_T7,lstm_h32,7,random_2fold_sequence_cv,64,233,64,448,0.6464006304740906,False,252,281,8.343054098121087,16.84583344200295,0.0650916298344486,0.5445862410491684,-6.027459760592219
resnet50_pca8_T7_random2fold_lstm_h16_raw,resnet50_pca8_T7,lstm_h16,7,random_2fold_sequence_cv,8,233,8,56,0.23441481590270996,False,252,281,8.586422883389845,17.04023284066369,0.04338961198499314,0.4333986027785051,-5.12705077224535
resnet50_pca16_T7_random2fold_lstm_h8_log1p,resnet50_pca16_T7,lstm_h8,7,random_2fold_sequence_cv,16,233,16,112,0.34075337648391724,True,252,281,9.437143217340559,17.072349641307138,0.039780246027403154,0.35498704097934525,-3.346154251835377
resnet50_pca32_T7_random2fold_lstm_h16_raw,resnet50_pca32_T7,lstm_h16,7,random_2fold_sequence_cv,32,233,32,224,0.47574350237846375,False,252,281,8.436019104181952,17.307298488870092,0.013169393406027519,0.4800491797679899,-5.521552201248546
resnet50_pca32_T7_random2fold_gru_h8_raw,resnet50_pca32_T7,gru_h8,7,random_2fold_sequence_cv,32,233,32,224,0.47574350237846375,False,252,281,8.36420580552883,17.33653251259275,0.0098328363978617,0.49329375424536,-5.246813314667076
resnet50_pca16_T7_random2fold_lstm_h16_raw,resnet50_pca16_T7,lstm_h16,7,random_2fold_sequence_cv,16,233,16,112,0.34075337648391724,False,252,281,8.640247335249773,17.48076096469431,-0.006710762573663098,0.4096758157731963,-5.252697591106267
resnet50_pca8_T7_random2fold_gru_h8_raw,resnet50_pca8_T7,gru_h8,7,random_2fold_sequence_cv,8,233,8,56,0.23441481590270996,False,252,281,8.525178491813431,17.551568125472976,-0.014882797902897149,0.3901319808897136,-4.813506294217744
resnet50_pca8_T7_random2fold_gru_h16_raw,resnet50_pca8_T7,gru_h16,7,random_2fold_sequence_cv,8,233,8,56,0.23441481590270996,False,252,281,8.428092283240716,17.668003566941778,-0.028392734395371377,0.45850836549371404,-5.315443180149717
resnet50_pca8_T7_random2fold_lstm_h8_log1p,resnet50_pca8_T7,lstm_h8,7,random_2fold_sequence_cv,8,233,8,56,0.23441481590270996,True,252,281,8.8269886878427,17.685409377147867,-0.03041999524242356,0.27519609294065417,-4.705264821073016
resnet50_pca64_T7_random2fold_gru_h8_raw,resnet50_pca64_T7,gru_h8,7,random_2fold_sequence_cv,64,233,64,448,0.6464006304740906,False,252,281,9.15588213010919,17.80886963006073,-0.04485674950955221,0.3936696227653753,-6.2467981170175415
resnet50_pca16_T7_random2fold_gru_h8_raw,resnet50_pca16_T7,gru_h8,7,random_2fold_sequence_cv,16,233,16,112,0.34075337648391724,False,252,281,8.724925182408018,17.82133649429967,-0.04632013790940226,0.39373697931489854,-4.999355547417898
resnet50_pca8_T7_random2fold_lstm_h8_raw,resnet50_pca8_T7,lstm_h8,7,random_2fold_sequence_cv,8,233,8,56,0.23441481590270996,False,252,281,9.117743801149688,17.83480998334466,-0.04790283761629488,0.23784071978536978,-5.368363267874002
resnet50_pca64_T7_random2fold_lstm_h8_raw,resnet50_pca64_T7,lstm_h8,7,random_2fold_sequence_cv,64,233,64,448,0.6464006304740906,False,252,281,9.863969255286737,17.90370185233051,-0.056014100454071514,0.2579585083654937,-5.7604209556855865
resnet50_pca32_T7_random2fold_gru_h16_raw,resnet50_pca32_T7,gru_h16,7,random_2fold_sequence_cv,32,233,32,224,0.47574350237846375,False,252,281,8.747030033062456,17.910457854320956,-0.05681122939652905,0.3960508190935896,-5.524533263603505
resnet50_pca16_T7_random2fold_lstm_h8_raw,resnet50_pca16_T7,lstm_h8,7,random_2fold_sequence_cv,16,233,16,112,0.34075337648391724,False,252,281,8.570173060177734,17.99208837988506,-0.06646644299488025,0.4770133916204657,-5.978597392595889
resnet50_pca64_T7_random2fold_lstm_h8_log1p,resnet50_pca64_T7,lstm_h8,7,random_2fold_sequence_cv,64,233,64,448,0.6464006304740906,True,252,281,10.262198290599773,18.300771948654027,-0.10337429352283811,0.13447308204596942,-3.042529804000527
resnet50_pca32_T7_random2fold_lstm_h8_raw,resnet50_pca32_T7,lstm_h8,7,random_2fold_sequence_cv,32,233,32,224,0.47574350237846375,False,252,281,9.400101710798403,18.583712359471058,-0.13775562874353908,0.254392405975949,-6.720454261026669
resnet50_pca64_T7_random2fold_lstm_h16_raw,resnet50_pca64_T7,lstm_h16,7,random_2fold_sequence_cv,64,233,64,448,0.6464006304740906,False,252,281,9.555489360007094,18.623846863929042,-0.14267526654583884,0.31611187638270666,-7.528840719886092
