experiment,feature_set,model,T,cv,n_features,n_rows,n_splits,MAE,RMSE,R2,Spearman,Bias,mode,log_target,base_model,residual_model,n_base_features,n_residual_features
direct_T7_random2fold_tabular_ridge_log1p,tabular,ridge,7,random_2fold_sequence_cv,84,275,2,7.308615211398095,12.088497653515121,0.46624120889944787,0.5896056086090996,-1.452977376145388,direct_temporal,True,,,,
residual_T7_random2fold_raw_source_base-et_leaf3_res-et_leaf3_raw,raw_source,base_et_leaf3_res_et_leaf3,7,random_2fold_sequence_cv,1043,275,2,7.105124944346318,12.310365660532666,0.4464685690368685,0.6902420587980728,0.04521373999684941,residual_temporal,False,et_leaf3,et_leaf3,84.0,959.0
residual_T7_random2fold_raw_source_base-et_leaf3_res-et_leaf3_log1p,raw_source,base_et_leaf3_res_et_leaf3,7,random_2fold_sequence_cv,1043,275,2,6.890941293543463,12.318694369204117,0.44571932052602203,0.680920919765731,-0.9415516279529578,residual_temporal,True,et_leaf3,et_leaf3,84.0,959.0
direct_T7_random2fold_tabular_plus_top30_source_et_leaf3_raw,tabular_plus_top30_source,et_leaf3,7,random_2fold_sequence_cv,294,275,2,7.507346925303973,12.343896716891855,0.443449037088092,0.6661746631660944,0.03094021256117946,direct_temporal,False,,,,
direct_T7_random2fold_tabular_et_leaf2_raw,tabular,et_leaf2,7,random_2fold_sequence_cv,84,275,2,7.151958660353526,12.375416844390074,0.44060310356093013,0.6929269207466605,-0.07535468491888524,direct_temporal,False,,,,
residual_T7_random2fold_raw_source_base-et_leaf2_res-et_leaf3_raw,raw_source,base_et_leaf2_res_et_leaf3,7,random_2fold_sequence_cv,1043,275,2,7.145552311866383,12.402820595626018,0.4381229372346539,0.6924254926286028,0.06286776611678495,residual_temporal,False,et_leaf2,et_leaf3,84.0,959.0
residual_T7_random2fold_top30_source_base-et_leaf2_res-et_leaf2_raw,top30_source,base_et_leaf2_res_et_leaf2,7,random_2fold_sequence_cv,294,275,2,7.234739203362173,12.41210486906574,0.43728142336602627,0.6839969995095353,0.12344451407627872,residual_temporal,False,et_leaf2,et_leaf2,84.0,210.0
residual_T7_random2fold_raw_source_base-et_leaf3_res-et_leaf2_raw,raw_source,base_et_leaf3_res_et_leaf2,7,random_2fold_sequence_cv,1043,275,2,7.0762377397748075,12.426969513673122,0.43593280112309085,0.6899137358991374,-0.08885347919726676,residual_temporal,False,et_leaf3,et_leaf2,84.0,959.0
residual_T7_random2fold_raw_source_base-et_leaf3_res-et_leaf2_log1p,raw_source,base_et_leaf3_res_et_leaf2,7,random_2fold_sequence_cv,1043,275,2,6.801097241746234,12.43723018181863,0.43500094147343205,0.680432763047806,-1.116316589148174,residual_temporal,True,et_leaf3,et_leaf2,84.0,959.0
direct_T7_random2fold_tabular_et_leaf3_raw,tabular,et_leaf3,7,random_2fold_sequence_cv,84,275,2,7.251613923940373,12.440041601558883,0.4347454779953721,0.6853558754796457,-0.2724740345594765,direct_temporal,False,,,,
residual_T7_random2fold_top30_source_base-et_leaf3_res-et_leaf2_raw,top30_source,base_et_leaf3_res_et_leaf2,7,random_2fold_sequence_cv,294,275,2,7.243705847038666,12.447062838013597,0.4341072316314396,0.6815764115288077,0.08826319599365527,residual_temporal,False,et_leaf3,et_leaf2,84.0,210.0
residual_T7_random2fold_top30_source_base-et_leaf2_res-et_leaf3_raw,top30_source,base_et_leaf2_res_et_leaf3,7,random_2fold_sequence_cv,294,275,2,7.2295571520212265,12.448624781636392,0.4339651984352192,0.6868861256166873,0.09512454148851997,residual_temporal,False,et_leaf2,et_leaf3,84.0,210.0
residual_T7_random2fold_top30_source_base-et_leaf2_res-et_leaf1_raw,top30_source,base_et_leaf2_res_et_leaf1,7,random_2fold_sequence_cv,294,275,2,7.215594965424991,12.456227018196666,0.433273645034698,0.6912933844955426,0.13378896366018844,residual_temporal,False,et_leaf2,et_leaf1,84.0,210.0
residual_T7_random2fold_raw_source_base-et_leaf2_res-et_leaf2_raw,raw_source,base_et_leaf2_res_et_leaf2,7,random_2fold_sequence_cv,1043,275,2,7.1059047157338595,12.457302097206167,0.43317581414251627,0.6901445428579672,-0.06511489214982424,residual_temporal,False,et_leaf2,et_leaf2,84.0,959.0
residual_T7_random2fold_raw_source_base-et_leaf2_res-et_leaf3_log1p,raw_source,base_et_leaf2_res_et_leaf3,7,random_2fold_sequence_cv,1043,275,2,6.787922110968737,12.45998541957401,0.43293159820963567,0.6837898502639855,-1.3873048404653863,residual_temporal,True,et_leaf2,et_leaf3,84.0,959.0
residual_T7_random2fold_raw_source_base-et_leaf2_res-rf_leaf2_raw,raw_source,base_et_leaf2_res_rf_leaf2,7,random_2fold_sequence_cv,1043,275,2,7.233278754596089,12.465863590922929,0.43239642719758864,0.6870898127578547,0.09040795858585478,residual_temporal,False,et_leaf2,rf_leaf2,84.0,959.0
residual_T7_random2fold_raw_source_base-et_leaf3_res-et_leaf1_raw,raw_source,base_et_leaf3_res_et_leaf1,7,random_2fold_sequence_cv,1043,275,2,6.927589713314718,12.46732231301734,0.43226358051428637,0.6918109691007185,-0.6689248627204981,residual_temporal,False,et_leaf3,et_leaf1,84.0,959.0
residual_T7_random2fold_raw_source_base-et_leaf2_res-et_leaf1_raw,raw_source,base_et_leaf2_res_et_leaf1,7,random_2fold_sequence_cv,1043,275,2,7.042066472318631,12.47115890211021,0.4319141058723367,0.6961968783358818,-0.40260909726849226,residual_temporal,False,et_leaf2,et_leaf1,84.0,959.0
residual_T7_random2fold_raw_source_base-et_leaf3_res-rf_leaf2_raw,raw_source,base_et_leaf3_res_rf_leaf2,7,random_2fold_sequence_cv,1043,275,2,7.306977225696534,12.48416579745774,0.4307285084379012,0.6786913245434351,0.060610714833021925,residual_temporal,False,et_leaf3,rf_leaf2,84.0,959.0
residual_T7_random2fold_raw_source_base-et_leaf2_res-et_leaf2_log1p,raw_source,base_et_leaf2_res_et_leaf2,7,random_2fold_sequence_cv,1043,275,2,6.730770185479879,12.495282741319546,0.42971420326839715,0.6845988286546839,-1.5064291442370532,residual_temporal,True,et_leaf2,et_leaf2,84.0,959.0
residual_T7_random2fold_raw_source_base-et_leaf2_res-rf_leaf2_log1p,raw_source,base_et_leaf2_res_rf_leaf2,7,random_2fold_sequence_cv,1043,275,2,6.851039897750272,12.497152242213184,0.42954354213402957,0.6800877066443554,-1.4261674229830408,residual_temporal,True,et_leaf2,rf_leaf2,84.0,959.0
residual_T7_random2fold_top30_source_base-et_leaf3_res-et_leaf3_raw,top30_source,base_et_leaf3_res_et_leaf3,7,random_2fold_sequence_cv,294,275,2,7.290221729870525,12.504412631360626,0.4288805208481974,0.6785384149332102,0.0409556006550953,residual_temporal,False,et_leaf3,et_leaf3,84.0,210.0
residual_T7_random2fold_raw_source_base-et_leaf3_res-rf_leaf2_log1p,raw_source,base_et_leaf3_res_rf_leaf2,7,random_2fold_sequence_cv,1043,275,2,7.116189699216342,12.512556224862651,0.4281363868365451,0.6683148206918439,-0.9166224929443022,residual_temporal,True,et_leaf3,rf_leaf2,84.0,959.0
residual_T7_random2fold_top30_source_base-et_leaf2_res-rf_leaf2_raw,top30_source,base_et_leaf2_res_rf_leaf2,7,random_2fold_sequence_cv,294,275,2,7.259695761507939,12.532280360546604,0.426332054370269,0.6813554138657281,0.12856566895723445,residual_temporal,False,et_leaf2,rf_leaf2,84.0,210.0
residual_T7_random2fold_top30_source_base-et_leaf2_res-et_leaf2_log1p,top30_source,base_et_leaf2_res_et_leaf2,7,random_2fold_sequence_cv,294,275,2,6.8573206977398895,12.538415752455492,0.4257702189931657,0.6763186290066646,-1.3791594631183344,residual_temporal,True,et_leaf2,et_leaf2,84.0,210.0
residual_T7_random2fold_top30_source_base-et_leaf3_res-et_leaf1_raw,top30_source,base_et_leaf3_res_et_leaf1,7,random_2fold_sequence_cv,294,275,2,7.266316193715,12.556129409961384,0.42414658568619334,0.690011251839243,0.11967859614622058,residual_temporal,False,et_leaf3,et_leaf1,84.0,210.0
residual_T7_random2fold_top30_source_base-et_leaf2_res-et_leaf3_log1p,top30_source,base_et_leaf2_res_et_leaf3,7,random_2fold_sequence_cv,294,275,2,6.874591156040464,12.561659593867006,0.4236392196847417,0.6795926257176654,-1.3695604342729408,residual_temporal,True,et_leaf2,et_leaf3,84.0,210.0
direct_T7_random2fold_tabular_plus_top30_source_et_leaf2_raw,tabular_plus_top30_source,et_leaf2,7,random_2fold_sequence_cv,294,275,2,7.546982281343768,12.570652603546424,0.4228136801300939,0.6634857620957272,0.22974018561705248,direct_temporal,False,,,,
residual_T7_random2fold_top30_source_base-et_leaf2_res-et_leaf1_log1p,top30_source,base_et_leaf2_res_et_leaf1,7,random_2fold_sequence_cv,294,275,2,6.892410338481894,12.597838015842514,0.4203145235027864,0.6823403825625343,-1.3219980318848055,residual_temporal,True,et_leaf2,et_leaf1,84.0,210.0
residual_T7_random2fold_top30_source_base-et_leaf3_res-rf_leaf2_raw,top30_source,base_et_leaf3_res_rf_leaf2,7,random_2fold_sequence_cv,294,275,2,7.398683310524227,12.61719839814,0.41853143085855515,0.6662819884019504,0.09744846899342874,residual_temporal,False,et_leaf3,rf_leaf2,84.0,210.0
residual_T7_random2fold_raw_source_base-et_leaf2_res-hgb_slow_raw,raw_source,base_et_leaf2_res_hgb_slow,7,random_2fold_sequence_cv,1043,275,2,7.353623601712862,12.632381919376275,0.4171311116534915,0.6741282709673697,0.12437889313791053,residual_temporal,False,et_leaf2,hgb_slow,84.0,959.0
residual_T7_random2fold_top30_source_base-et_leaf2_res-rf_leaf2_log1p,top30_source,base_et_leaf2_res_rf_leaf2,7,random_2fold_sequence_cv,294,275,2,6.917264434275497,12.643453856748845,0.4161089266020551,0.6696742736793515,-1.3787005815916547,residual_temporal,True,et_leaf2,rf_leaf2,84.0,210.0
direct_T7_random2fold_tabular_et_leaf2_log1p,tabular,et_leaf2,7,random_2fold_sequence_cv,84,275,2,6.688581860371019,12.667103735611049,0.41392251958106385,0.6882334612388564,-2.0670410132810813,direct_temporal,True,,,,
residual_T7_random2fold_top30_source_base-et_leaf3_res-et_leaf2_log1p,top30_source,base_et_leaf3_res_et_leaf2,7,random_2fold_sequence_cv,294,275,2,7.162303955807992,12.684740436721068,0.41228936500671887,0.6668538126424511,-0.8593187073709867,residual_temporal,True,et_leaf3,et_leaf2,84.0,210.0
residual_T7_random2fold_raw_source_base-et_leaf3_res-hgb_slow_raw,raw_source,base_et_leaf3_res_hgb_slow,7,random_2fold_sequence_cv,1043,275,2,7.452291287438645,12.688360301959625,0.411953885244539,0.6468457343988921,0.15490151287896425,residual_temporal,False,et_leaf3,hgb_slow,84.0,959.0
residual_T7_random2fold_top30_source_base-et_leaf3_res-et_leaf3_log1p,top30_source,base_et_leaf3_res_et_leaf3,7,random_2fold_sequence_cv,294,275,2,7.1529102824273325,12.696037418642689,0.41124207311380634,0.6694757796947578,-0.8925929077693353,residual_temporal,True,et_leaf3,et_leaf3,84.0,210.0
residual_T7_random2fold_raw_source_base-et_leaf3_res-et_leaf1_log1p,raw_source,base_et_leaf3_res_et_leaf1,7,random_2fold_sequence_cv,1043,275,2,6.748311488776459,12.707891542642727,0.41014212870763467,0.6841874152505698,-1.7746769600620056,residual_temporal,True,et_leaf3,et_leaf1,84.0,959.0
residual_T7_random2fold_raw_source_base-et_leaf2_res-et_leaf1_log1p,raw_source,base_et_leaf2_res_et_leaf1,7,random_2fold_sequence_cv,1043,275,2,6.6915228942679175,12.75323497447232,0.4059252376468173,0.6938484175297885,-1.9349256733399405,residual_temporal,True,et_leaf2,et_leaf1,84.0,959.0
residual_T7_random2fold_top30_source_base-et_leaf3_res-et_leaf1_log1p,top30_source,base_et_leaf3_res_et_leaf1,7,random_2fold_sequence_cv,294,275,2,7.205608808274421,12.772815549942443,0.4040996215516479,0.6764132598597848,-0.762452734675766,residual_temporal,True,et_leaf3,et_leaf1,84.0,210.0
direct_T7_random2fold_tabular_plus_top30_source_ridge_log1p,tabular_plus_top30_source,ridge,7,random_2fold_sequence_cv,294,275,2,8.198120932687734,12.780988281834667,0.40333679958888546,0.5379735149014743,0.13242611939011162,direct_temporal,True,,,,
residual_T7_random2fold_raw_source_base-et_leaf3_res-hgb_slow_log1p,raw_source,base_et_leaf3_res_hgb_slow,7,random_2fold_sequence_cv,1043,275,2,7.358694289835052,12.789587659532355,0.40253362878283194,0.6316182452900956,-0.7199020923252502,residual_temporal,True,et_leaf3,hgb_slow,84.0,959.0
residual_T7_random2fold_raw_source_base-et_leaf2_res-hgb_slow_log1p,raw_source,base_et_leaf2_res_hgb_slow,7,random_2fold_sequence_cv,1043,275,2,7.065196410276203,12.799047331700278,0.40164948359981323,0.6546002711981767,-1.3212482528371583,residual_temporal,True,et_leaf2,hgb_slow,84.0,959.0
direct_T7_random2fold_tabular_plus_top30_source_et_leaf2_log1p,tabular_plus_top30_source,et_leaf2,7,random_2fold_sequence_cv,294,275,2,6.852243825156327,12.837765246414328,0.39802391299363893,0.6823421136147255,-2.0435769548144833,direct_temporal,True,,,,
residual_T7_random2fold_top30_source_base-et_leaf3_res-hgb_slow_log1p,top30_source,base_et_leaf3_res_hgb_slow,7,random_2fold_sequence_cv,294,275,2,7.368374694549659,12.886807148674855,0.3934158771152615,0.6220299472029082,-0.8212622780761341,residual_temporal,True,et_leaf3,hgb_slow,84.0,210.0
residual_T7_random2fold_top30_source_base-et_leaf2_res-hgb_slow_log1p,top30_source,base_et_leaf2_res_hgb_slow,7,random_2fold_sequence_cv,294,275,2,7.198296498262764,12.890202537159455,0.3930961920218097,0.642392891145668,-1.2223786290040874,residual_temporal,True,et_leaf2,hgb_slow,84.0,210.0
residual_T7_random2fold_top30_source_base-et_leaf3_res-rf_leaf2_log1p,top30_source,base_et_leaf3_res_rf_leaf2,7,random_2fold_sequence_cv,294,275,2,7.342236046513538,12.918882254502789,0.3903925583219052,0.6417322062260177,-0.8364058679028715,residual_temporal,True,et_leaf3,rf_leaf2,84.0,210.0
direct_T7_random2fold_tabular_plus_top30_source_et_leaf1_log1p,tabular_plus_top30_source,et_leaf1,7,random_2fold_sequence_cv,294,275,2,6.870058002214275,12.9247427023124,0.3898393552124406,0.6878560918611697,-1.8964493647685046,direct_temporal,True,,,,
residual_T7_random2fold_top30_source_base-et_leaf3_res-hgb_slow_raw,top30_source,base_et_leaf3_res_hgb_slow,7,random_2fold_sequence_cv,294,275,2,7.559470360818926,12.944014783503526,0.3880183777698588,0.6381460431031996,0.09906142087802611,residual_temporal,False,et_leaf3,hgb_slow,84.0,210.0
residual_T7_random2fold_top30_source_base-et_leaf2_res-hgb_slow_raw,top30_source,base_et_leaf2_res_hgb_slow,7,random_2fold_sequence_cv,294,275,2,7.512352620783554,12.961538891857405,0.3863602072541671,0.6606543377282825,0.2500098938546484,residual_temporal,False,et_leaf2,hgb_slow,84.0,210.0
residual_T7_random2fold_top30_source_base-et_leaf1_res-hgb_slow_log1p,top30_source,base_et_leaf1_res_hgb_slow,7,random_2fold_sequence_cv,294,275,2,6.769941877915996,12.986913550127257,0.38395522407133553,0.6952938461094603,-1.7997742527595375,residual_temporal,True,et_leaf1,hgb_slow,84.0,210.0
residual_T7_random2fold_raw_source_base-et_leaf1_res-hgb_slow_log1p,raw_source,base_et_leaf1_res_hgb_slow,7,random_2fold_sequence_cv,1043,275,2,6.769941877916013,12.98691355012727,0.3839552240713344,0.6952938461094603,-1.7997742527595604,residual_temporal,True,et_leaf1,hgb_slow,84.0,959.0
residual_T7_random2fold_raw_source_base-et_leaf1_res-rf_leaf2_log1p,raw_source,base_et_leaf1_res_rf_leaf2,7,random_2fold_sequence_cv,1043,275,2,6.769941877916075,12.98691355012736,0.38395522407132576,0.6952938461094603,-1.7997742527595517,residual_temporal,True,et_leaf1,rf_leaf2,84.0,959.0
residual_T7_random2fold_top30_source_base-et_leaf1_res-et_leaf2_log1p,top30_source,base_et_leaf1_res_et_leaf2,7,random_2fold_sequence_cv,294,275,2,6.769941877916076,12.986913550127362,0.38395522407132565,0.6952938461094603,-1.7997742527595513,residual_temporal,True,et_leaf1,et_leaf2,84.0,210.0
residual_T7_random2fold_top30_source_base-et_leaf1_res-et_leaf1_log1p,top30_source,base_et_leaf1_res_et_leaf1,7,random_2fold_sequence_cv,294,275,2,6.769941877916076,12.986913550127362,0.38395522407132543,0.6952938461094603,-1.7997742527595524,residual_temporal,True,et_leaf1,et_leaf1,84.0,210.0
residual_T7_random2fold_raw_source_base-et_leaf1_res-et_leaf2_log1p,raw_source,base_et_leaf1_res_et_leaf2,7,random_2fold_sequence_cv,1043,275,2,6.769941877916075,12.986913550127362,0.38395522407132565,0.6952938461094603,-1.7997742527595524,residual_temporal,True,et_leaf1,et_leaf2,84.0,959.0
residual_T7_random2fold_raw_source_base-et_leaf1_res-et_leaf3_log1p,raw_source,base_et_leaf1_res_et_leaf3,7,random_2fold_sequence_cv,1043,275,2,6.769941877916075,12.986913550127362,0.38395522407132565,0.6952938461094603,-1.799774252759552,residual_temporal,True,et_leaf1,et_leaf3,84.0,959.0
residual_T7_random2fold_raw_source_base-et_leaf1_res-et_leaf1_log1p,raw_source,base_et_leaf1_res_et_leaf1,7,random_2fold_sequence_cv,1043,275,2,6.769941877916076,12.986913550127362,0.38395522407132565,0.6952938461094603,-1.7997742527595524,residual_temporal,True,et_leaf1,et_leaf1,84.0,959.0
residual_T7_random2fold_top30_source_base-et_leaf1_res-et_leaf3_log1p,top30_source,base_et_leaf1_res_et_leaf3,7,random_2fold_sequence_cv,294,275,2,6.769941877916076,12.986913550127362,0.38395522407132565,0.6952938461094603,-1.7997742527595524,residual_temporal,True,et_leaf1,et_leaf3,84.0,210.0
residual_T7_random2fold_top30_source_base-et_leaf1_res-rf_leaf2_log1p,top30_source,base_et_leaf1_res_rf_leaf2,7,random_2fold_sequence_cv,294,275,2,6.769941877916075,12.986913550127362,0.38395522407132565,0.6952938461094603,-1.7997742527595513,residual_temporal,True,et_leaf1,rf_leaf2,84.0,210.0
direct_T7_random2fold_tabular_et_leaf1_log1p,tabular,et_leaf1,7,random_2fold_sequence_cv,84,275,2,6.769941877916067,12.986913550127364,0.38395522407132543,0.6952938461094603,-1.7997742527595826,direct_temporal,True,,,,
direct_T7_random2fold_tabular_plus_top30_source_et_leaf3_log1p,tabular_plus_top30_source,et_leaf3,7,random_2fold_sequence_cv,294,275,2,6.910785308800796,12.995991726475046,0.383093661735844,0.6864729811603821,-2.1985575790586367,direct_temporal,True,,,,
direct_T7_random2fold_tabular_et_leaf3_log1p,tabular,et_leaf3,7,random_2fold_sequence_cv,84,275,2,6.86504999851175,13.03136279309418,0.37973103575767597,0.6785101410807536,-2.3027567025305076,direct_temporal,True,,,,
direct_T7_random2fold_tabular_plus_raw_source_et_leaf2_log1p,tabular_plus_raw_source,et_leaf2,7,random_2fold_sequence_cv,1043,275,2,6.7706477549330035,13.034516253936362,0.37943080153244535,0.6962332304318976,-1.8487414440922607,direct_temporal,True,,,,
direct_T7_random2fold_tabular_plus_raw_source_et_leaf3_raw,tabular_plus_raw_source,et_leaf3,7,random_2fold_sequence_cv,1043,275,2,7.744094468086165,13.07617967831704,0.37545729629637425,0.6554329073021552,0.3640361947030783,direct_temporal,False,,,,
direct_T7_random2fold_tabular_plus_raw_source_et_leaf1_log1p,tabular_plus_raw_source,et_leaf1,7,random_2fold_sequence_cv,1043,275,2,6.791921736146695,13.077807794849962,0.37530176285631256,0.6950151467066732,-1.7407444781361325,direct_temporal,True,,,,
direct_T7_random2fold_tabular_plus_raw_source_et_leaf3_log1p,tabular_plus_raw_source,et_leaf3,7,random_2fold_sequence_cv,1043,275,2,6.808775033149602,13.161096318679872,0.36731940419838205,0.6941628920111942,-2.0127570048585337,direct_temporal,True,,,,
direct_T7_random2fold_tabular_plus_raw_source_et_leaf2_raw,tabular_plus_raw_source,et_leaf2,7,random_2fold_sequence_cv,1043,275,2,7.675220355774697,13.356814580020242,0.34836234195557214,0.6596232076397103,0.22654053338762686,direct_temporal,False,,,,
direct_T7_random2fold_tabular_plus_raw_source_rf_leaf2_raw,tabular_plus_raw_source,rf_leaf2,7,random_2fold_sequence_cv,1043,275,2,8.264798734918841,13.411466429154338,0.3430188430652258,0.5645901733937279,0.19296396915715797,direct_temporal,False,,,,
direct_T7_random2fold_tabular_plus_raw_source_hgb_slow_log1p,tabular_plus_raw_source,hgb_slow,7,random_2fold_sequence_cv,1043,275,2,7.393967880238503,13.439525197282409,0.34026696422257374,0.5927924756931422,-1.4840540514281586,direct_temporal,True,,,,
direct_T7_random2fold_tabular_plus_top30_source_et_leaf1_raw,tabular_plus_top30_source,et_leaf1,7,random_2fold_sequence_cv,294,275,2,7.8051449433957485,13.446085480843397,0.33962273132661847,0.6660644528432532,0.40689264191132984,direct_temporal,False,,,,
direct_T7_random2fold_top30_source_et_leaf3_raw,top30_source,et_leaf3,7,random_2fold_sequence_cv,210,275,2,8.188371180174638,13.50864845298213,0.3334631271957642,0.5748311469913202,0.16192276299402295,direct_temporal,False,,,,
direct_T7_random2fold_tabular_plus_raw_source_rf_leaf2_log1p,tabular_plus_raw_source,rf_leaf2,7,random_2fold_sequence_cv,1043,275,2,7.258437096927035,13.509876113066568,0.33334197252971554,0.6386936326130233,-2.368977198432306,direct_temporal,True,,,,
residual_T7_random2fold_raw_source_base-et_leaf1_res-rf_leaf2_raw,raw_source,base_et_leaf1_res_rf_leaf2,7,random_2fold_sequence_cv,1043,275,2,7.518424955515428,13.534844909131325,0.3308754761177094,0.6898214131156055,0.34955239570644053,residual_temporal,False,et_leaf1,rf_leaf2,84.0,959.0
residual_T7_random2fold_raw_source_base-et_leaf1_res-et_leaf3_raw,raw_source,base_et_leaf1_res_et_leaf3,7,random_2fold_sequence_cv,1043,275,2,7.518424955515428,13.534844909131325,0.3308754761177094,0.6898214131156055,0.34955239570644053,residual_temporal,False,et_leaf1,et_leaf3,84.0,959.0
direct_T7_random2fold_tabular_et_leaf1_raw,tabular,et_leaf1,7,random_2fold_sequence_cv,84,275,2,7.518424955515435,13.534844909131325,0.3308754761177094,0.6898214131156055,0.3495523957064527,direct_temporal,False,,,,
residual_T7_random2fold_top30_source_base-et_leaf1_res-rf_leaf2_raw,top30_source,base_et_leaf1_res_rf_leaf2,7,random_2fold_sequence_cv,294,275,2,7.518424955515428,13.534844909131325,0.3308754761177094,0.6898214131156055,0.3495523957064406,residual_temporal,False,et_leaf1,rf_leaf2,84.0,210.0
residual_T7_random2fold_top30_source_base-et_leaf1_res-et_leaf3_raw,top30_source,base_et_leaf1_res_et_leaf3,7,random_2fold_sequence_cv,294,275,2,7.518424955515428,13.534844909131326,0.3308754761177093,0.6898214131156055,0.3495523957064403,residual_temporal,False,et_leaf1,et_leaf3,84.0,210.0
residual_T7_random2fold_top30_source_base-et_leaf1_res-et_leaf2_raw,top30_source,base_et_leaf1_res_et_leaf2,7,random_2fold_sequence_cv,294,275,2,7.518424955515428,13.534844909131326,0.3308754761177093,0.6898214131156055,0.34955239570644037,residual_temporal,False,et_leaf1,et_leaf2,84.0,210.0
residual_T7_random2fold_top30_source_base-et_leaf1_res-et_leaf1_raw,top30_source,base_et_leaf1_res_et_leaf1,7,random_2fold_sequence_cv,294,275,2,7.518424955515428,13.534844909131326,0.3308754761177093,0.6898214131156055,0.3495523957064404,residual_temporal,False,et_leaf1,et_leaf1,84.0,210.0
residual_T7_random2fold_raw_source_base-et_leaf1_res-et_leaf2_raw,raw_source,base_et_leaf1_res_et_leaf2,7,random_2fold_sequence_cv,1043,275,2,7.518424955515428,13.534844909131326,0.3308754761177093,0.6898214131156055,0.3495523957064406,residual_temporal,False,et_leaf1,et_leaf2,84.0,959.0
residual_T7_random2fold_raw_source_base-et_leaf1_res-et_leaf1_raw,raw_source,base_et_leaf1_res_et_leaf1,7,random_2fold_sequence_cv,1043,275,2,7.51842495551543,13.534844909131326,0.3308754761177093,0.6898214131156055,0.34955239570644064,residual_temporal,False,et_leaf1,et_leaf1,84.0,959.0
residual_T7_random2fold_top30_source_base-et_leaf1_res-hgb_slow_raw,top30_source,base_et_leaf1_res_hgb_slow,7,random_2fold_sequence_cv,294,275,2,7.518424955515415,13.53484490913133,0.33087547611770896,0.6898214131156055,0.34955239570643004,residual_temporal,False,et_leaf1,hgb_slow,84.0,210.0
residual_T7_random2fold_raw_source_base-et_leaf1_res-hgb_slow_raw,raw_source,base_et_leaf1_res_hgb_slow,7,random_2fold_sequence_cv,1043,275,2,7.518424955515432,13.534844909131339,0.33087547611770807,0.6898214131156055,0.3495523957064393,residual_temporal,False,et_leaf1,hgb_slow,84.0,959.0
direct_T7_random2fold_raw_source_rf_leaf2_raw,raw_source,rf_leaf2,7,random_2fold_sequence_cv,959,275,2,8.672790871475843,13.566992903883632,0.327693088978558,0.4526446684881425,0.7845419247292551,direct_temporal,False,,,,
direct_T7_random2fold_top30_source_et_leaf2_log1p,top30_source,et_leaf2,7,random_2fold_sequence_cv,210,275,2,7.335583688388904,13.58904529522629,0.32550571781860616,0.6458582298642919,-2.0121272803527335,direct_temporal,True,,,,
direct_T7_random2fold_top30_source_et_leaf3_log1p,top30_source,et_leaf3,7,random_2fold_sequence_cv,210,275,2,7.432775353877946,13.645860541406082,0.3198538610038647,0.6348300506483603,-2.0733018797010168,direct_temporal,True,,,,
direct_T7_random2fold_tabular_plus_top30_source_hgb_slow_log1p,tabular_plus_top30_source,hgb_slow,7,random_2fold_sequence_cv,294,275,2,7.516031217388253,13.651662105915582,0.3192754071210383,0.6157733475664292,-1.4952529190736343,direct_temporal,True,,,,
direct_T7_random2fold_raw_source_hgb_slow_log1p,raw_source,hgb_slow,7,random_2fold_sequence_cv,959,275,2,7.532447076955761,13.659563007955992,0.3184872401359109,0.5333681475281566,-1.5952047789292991,direct_temporal,True,,,,
direct_T7_random2fold_raw_source_et_leaf3_raw,raw_source,et_leaf3,7,random_2fold_sequence_cv,959,275,2,8.10194142267857,13.672571815402161,0.31718853242331546,0.5957998056627171,0.40749976541887095,direct_temporal,False,,,,
direct_T7_random2fold_raw_source_rf_leaf2_log1p,raw_source,rf_leaf2,7,random_2fold_sequence_cv,959,275,2,7.500708125177195,13.68223847443407,0.3162226806370647,0.5797658994324382,-2.2293714818149235,direct_temporal,True,,,,
direct_T7_random2fold_tabular_hgb_slow_log1p,tabular,hgb_slow,7,random_2fold_sequence_cv,84,275,2,7.607651799223847,13.682564458815788,0.3161900977548926,0.5798015060154064,-1.7663174270037856,direct_temporal,True,,,,
direct_T7_random2fold_tabular_ridge_raw,tabular,ridge,7,random_2fold_sequence_cv,84,275,2,9.390044695373247,13.685858412678503,0.3158608160032542,0.5174259253916506,0.8594557221436797,direct_temporal,False,,,,
direct_T7_random2fold_tabular_rf_leaf2_raw,tabular,rf_leaf2,7,random_2fold_sequence_cv,84,275,2,8.020888155848215,13.712992307965502,0.31314534686838535,0.6004985430310724,-0.1481058106013334,direct_temporal,False,,,,
direct_T7_random2fold_tabular_rf_leaf2_log1p,tabular,rf_leaf2,7,random_2fold_sequence_cv,84,275,2,7.2628547297433945,13.75452662429793,0.3089783144543302,0.6318905975015147,-2.5003087377768694,direct_temporal,True,,,,
direct_T7_random2fold_tabular_plus_top30_source_rf_leaf2_raw,tabular_plus_top30_source,rf_leaf2,7,random_2fold_sequence_cv,294,275,2,8.249219879627942,13.77315961337472,0.30710481910725873,0.5921456391910217,-0.01341430600724191,direct_temporal,False,,,,
direct_T7_random2fold_raw_source_et_leaf3_log1p,raw_source,et_leaf3,7,random_2fold_sequence_cv,959,275,2,7.255394183280738,13.800247275139181,0.3043767062811671,0.6624287731116709,-1.7802371390785658,direct_temporal,True,,,,
direct_T7_random2fold_top30_source_et_leaf2_raw,top30_source,et_leaf2,7,random_2fold_sequence_cv,210,275,2,8.265518090927978,13.81602550568448,0.302785143622064,0.5816672101543141,0.33593715293806325,direct_temporal,False,,,,
direct_T7_random2fold_top30_source_et_leaf1_log1p,top30_source,et_leaf1,7,random_2fold_sequence_cv,210,275,2,7.549512260829617,13.84852839859761,0.2995008190581895,0.6296212094081859,-1.9272142978758158,direct_temporal,True,,,,
direct_T7_random2fold_tabular_hgb_slow_raw,tabular,hgb_slow,7,random_2fold_sequence_cv,84,275,2,8.94638539806686,13.854881435938335,0.2988579611145097,0.5489760826288913,0.7547924547485002,direct_temporal,False,,,,
direct_T7_random2fold_top30_source_hgb_slow_log1p,top30_source,hgb_slow,7,random_2fold_sequence_cv,210,275,2,7.750164008391963,13.877072797000803,0.2966101242241148,0.53718981093058,-1.8760537361711311,direct_temporal,True,,,,
direct_T7_random2fold_top30_source_et_leaf1_raw,top30_source,et_leaf1,7,random_2fold_sequence_cv,210,275,2,8.370849494385102,13.892031028926612,0.2950929253671202,0.5702564606778048,0.4594437144727379,direct_temporal,False,,,,
direct_T7_random2fold_tabular_plus_top30_source_rf_leaf2_log1p,tabular_plus_top30_source,rf_leaf2,7,random_2fold_sequence_cv,294,275,2,7.387621578836354,13.9148582551501,0.29277443161206584,0.6246507602204207,-2.4448176060409694,direct_temporal,True,,,,
direct_T7_random2fold_raw_source_et_leaf2_log1p,raw_source,et_leaf2,7,random_2fold_sequence_cv,959,275,2,7.289227623612836,14.104201030105328,0.27339671198786464,0.6619157942856473,-1.798299464139775,direct_temporal,True,,,,
direct_T7_random2fold_raw_source_et_leaf2_raw,raw_source,et_leaf2,7,random_2fold_sequence_cv,959,275,2,8.104815982970216,14.412356899047724,0.24129945447697698,0.6006976282445938,0.036129574404875846,direct_temporal,False,,,,
direct_T7_random2fold_top30_source_rf_leaf2_log1p,top30_source,rf_leaf2,7,random_2fold_sequence_cv,210,275,2,7.805686214953388,14.491557994042088,0.2329378766633866,0.5599691867629016,-2.4327726107894647,direct_temporal,True,,,,
direct_T7_random2fold_tabular_plus_raw_source_hgb_slow_raw,tabular_plus_raw_source,hgb_slow,7,random_2fold_sequence_cv,1043,275,2,9.299054422077834,14.545183439318993,0.22725040601239177,0.47166267562967035,1.2316556707600057,direct_temporal,False,,,,
direct_T7_random2fold_raw_source_hgb_slow_raw,raw_source,hgb_slow,7,random_2fold_sequence_cv,959,275,2,9.292548184998664,14.65290334763773,0.2157622387476088,0.44019122751711726,0.9872469235993383,direct_temporal,False,,,,
direct_T7_random2fold_top30_source_rf_leaf2_raw,top30_source,rf_leaf2,7,random_2fold_sequence_cv,210,275,2,9.1230650878878,14.867468276480794,0.19262662967583188,0.4190252249103996,0.5833553342803408,direct_temporal,False,,,,
direct_T7_random2fold_raw_source_et_leaf1_log1p,raw_source,et_leaf1,7,random_2fold_sequence_cv,959,275,2,7.444716916936189,14.869162180215817,0.19244264533490485,0.6657057210902851,-1.584802131410679,direct_temporal,True,,,,
direct_T7_random2fold_top30_source_hgb_slow_raw,top30_source,hgb_slow,7,random_2fold_sequence_cv,210,275,2,9.466590642400456,14.899920274882822,0.18909819109453285,0.39849741643369563,0.4058310588682078,direct_temporal,False,,,,
direct_T7_random2fold_tabular_plus_top30_source_hgb_slow_raw,tabular_plus_top30_source,hgb_slow,7,random_2fold_sequence_cv,294,275,2,9.435539966567266,15.07765749890551,0.16963673587774963,0.48655376359597247,0.9826204483008611,direct_temporal,False,,,,
direct_T7_random2fold_tabular_plus_top30_source_ridge_raw,tabular_plus_top30_source,ridge,7,random_2fold_sequence_cv,294,275,2,11.174539042035688,15.175154563194036,0.15886321473364018,0.4624394011761335,1.1695268351298898,direct_temporal,False,,,,
direct_T7_random2fold_tabular_plus_raw_source_et_leaf1_raw,tabular_plus_raw_source,et_leaf1,7,random_2fold_sequence_cv,1043,275,2,7.734639023318027,15.181760138197738,0.15813078049391738,0.6385614956290933,-1.2762690473766582,direct_temporal,False,,,,
direct_T7_random2fold_tabular_plus_raw_source_ridge_log1p,tabular_plus_raw_source,ridge,7,random_2fold_sequence_cv,1043,275,2,9.195671826160357,15.882576690382388,0.07861252986770983,0.5267055191714031,0.8405900113772091,direct_temporal,True,,,,
direct_T7_random2fold_tabular_plus_raw_source_ridge_raw,tabular_plus_raw_source,ridge,7,random_2fold_sequence_cv,1043,275,2,11.45326969822804,15.892619913754542,0.07744689709818842,0.45567600291902954,2.4411053822806306,direct_temporal,False,,,,
direct_T7_random2fold_top30_source_ridge_log1p,top30_source,ridge,7,random_2fold_sequence_cv,210,275,2,10.287877739531874,16.082055902546827,0.055322623571918195,0.302946021879251,-0.3785434693892115,direct_temporal,True,,,,
direct_T7_random2fold_raw_source_et_leaf1_raw,raw_source,et_leaf1,7,random_2fold_sequence_cv,959,275,2,8.037456902082592,16.291775022800937,0.030523718770126607,0.5827324057818053,-1.422251661052596,direct_temporal,False,,,,
direct_T7_random2fold_raw_source_ridge_raw,raw_source,ridge,7,random_2fold_sequence_cv,959,275,2,11.954643798932805,17.14095728592142,-0.07317494623769294,0.3534081370760871,2.474585118378648,direct_temporal,False,,,,
direct_T7_random2fold_top30_source_ridge_raw,top30_source,ridge,7,random_2fold_sequence_cv,210,275,2,12.921774687668515,17.732815283926286,-0.14856548235541434,0.2356311678777249,1.3773941416454865,direct_temporal,False,,,,
direct_T7_random2fold_raw_source_ridge_log1p,raw_source,ridge,7,random_2fold_sequence_cv,959,275,2,10.796070088949087,24.292580987013938,-1.1554983684816489,0.4329881738779129,1.4608649184779812,direct_temporal,True,,,,
