feature_set,feature,importance
tabular_met_gas,value.co_ppb,0.4168175359443344
tabular_met_gas,value.so2_ppb,0.1826344841129757
tabular_met_gas,minute_sin,0.10098312703396993
tabular_met_gas,minute_cos,0.07178840658639124
tabular_met_gas,minute,0.07000018787487133
tabular_met_gas,rh,0.05780016925646613
tabular_met_gas,value.no2_ppb,0.03390724588353328
tabular_met_gas,value.o3_ppb_compensated,0.030619432274560595
tabular_met_gas,temp,0.03053924311468659
tabular_met_gas,hour,0.0019847426803332687
tabular_met_gas,hour_sin,0.0016043337729508837
tabular_met_gas,hour_cos,0.001321091464926716
raw_vehicle_only,idd_auto_rickshaw_count_sum,0.09648165439832382
raw_vehicle_only,idd_auto_rickshaw_count_mean,0.08707258074999173
raw_vehicle_only,vehicle_min_offset_sec,0.07312467391341862
raw_vehicle_only,vehicle_max_offset_sec,0.05925234905046683
raw_vehicle_only,idd_auto_rickshaw_count_max,0.0549012426369296
raw_vehicle_only,bus_stop_count_250m,0.04752740698813784
raw_vehicle_only,vehicle_exhaust_x_dry_air,0.02484016304600634
raw_vehicle_only,vehicle_resuspension_x_road_gray_dry_mean,0.02406112892089855
raw_vehicle_only,idd_motor_vehicle_count_mean,0.02335249367879289
raw_vehicle_only,idd_car_count_mean,0.020796620648095822
raw_vehicle_only,idd_motor_vehicle_count_sum,0.020651963384749467
raw_vehicle_only,idd_total_vehicle_count_sum,0.020230285495669745
raw_vehicle_only,idd_bus_count_sum,0.01995507086724389
raw_vehicle_only,vehicle_resuspension_x_gray_dry_pixel_ratio,0.019714564234731502
raw_vehicle_only,idd_bus_count_max,0.019303262000438578
raw_vehicle_only,idd_bus_count_mean,0.01905277236287771
raw_vehicle_only,idd_car_count_sum,0.01888024472509001
raw_vehicle_only,road_area_m2_vehicle_occluded_conservative_v1,0.018833184843361807
raw_vehicle_only,idd_vehicle_box_area_ratio_mean,0.01877679131311045
raw_vehicle_only,idd_vehicle_box_area_ratio_max,0.018520599496150866
raw_vehicle_only,vehicle_occlusion_fraction_conservative,0.018072765284566996
raw_vehicle_only,idd_car_count_max,0.01768666815290745
raw_vehicle_only,idd_resuspension_vehicle_proxy_initial_max,0.01744527158529053
raw_vehicle_only,vehicle_occluded_road_area_m2_est_conservative,0.01572797375936511
raw_vehicle_only,road_area_vehicle_occlusion_fraction_v1,0.015073982565143241
raw_vehicle_only,vehicle_resuspension_x_dry_air,0.014429882678379927
raw_vehicle_only,vehicle_resuspension_x_brown_pixel_ratio,0.014303499203300568
raw_vehicle_only,vehicle_resuspension_x_road_brown_mean,0.013944351858264948
raw_vehicle_only,vehicle_resuspension_x_area_ratio,0.012146478396663076
raw_vehicle_only,idd_heavy_vehicle_count_max,0.011489788142431036
raw_vehicle_only,vehicle_resuspension_x_contrast_std,0.010801463508234261
raw_vehicle_only,idd_truck_count_max,0.010725409700009111
raw_vehicle_only,vehicle_count_x_osm_road_length,0.010499548992202986
raw_vehicle_only,idd_motor_vehicle_count_max,0.008987966867540819
raw_vehicle_only,idd_truck_count_sum,0.008531787471773874
raw_vehicle_only,idd_truck_count_mean,0.008445415136965295
raw_vehicle_only,idd_motorcycle_count_sum,0.008178741867821963
raw_vehicle_only,idd_resuspension_vehicle_proxy_initial_sum,0.007740834857456443
raw_vehicle_only,idd_resuspension_vehicle_proxy_initial_mean,0.007314645553232104
raw_vehicle_only,idd_heavy_vehicle_count_mean,0.007097081849761666
raw_vehicle_only,idd_motorcycle_count_mean,0.00687503036217202
raw_vehicle_only,idd_unknown_vehicle_count_mean,0.006874444340396415
raw_vehicle_only,idd_unknown_vehicle_count_max,0.0062325899147289586
raw_vehicle_only,idd_heavy_vehicle_count_sum,0.006165486124999033
raw_vehicle_only,idd_unknown_vehicle_count_sum,0.0060263776852736905
raw_vehicle_only,vehicle_resuspension_x_laplacian_std,0.005393308714779864
raw_vehicle_only,vehicle_resuspension_x_haze_flatness_proxy,0.0052861041981748964
raw_vehicle_only,idd_motorcycle_count_max,0.005177984744938941
raw_vehicle_only,idd_bicycle_count_max,0.00301261480369774
raw_vehicle_only,idd_bicycle_count_sum,0.0026078154012155025
raw_vehicle_only,idd_bicycle_count_mean,0.002281054284127294
raw_vehicle_only,vehicle_all_3_lenses_available,4.853410432955566e-05
raw_vehicle_only,vehicle_frame_count,1.7478849616921614e-05
raw_vehicle_only,vehicle_features_available,1.4994347746583778e-05
raw_vehicle_only,vehicle_lens_count,1.3571938005264639e-05
raw_road_only,road_mean_saturation_std,0.07211666782690068
raw_road_only,road_mean_saturation_max,0.07118139519398319
raw_road_only,road_gray_dry_pixel_ratio_std,0.06607578464818396
raw_road_only,vehicle_resuspension_x_brown_pixel_ratio,0.056698097942412165
raw_road_only,vehicle_resuspension_x_road_brown_mean,0.05427100143562107
raw_road_only,road_gray_dry_pixel_ratio_min,0.04978969678891681
raw_road_only,road_mean_saturation_mean,0.02766137389036982
raw_road_only,road_gray_dry_pixel_ratio_mean,0.026243266090386397
raw_road_only,road_shadow_ratio_mean,0.019774065768776865
raw_road_only,road_haze_flatness_proxy_min,0.01858307682475439
raw_road_only,road_mean_saturation_min,0.018525484575642584
raw_road_only,vehicle_resuspension_x_haze_flatness_proxy,0.01779857579097867
raw_road_only,road_mean_brightness_min,0.01725039188492962
raw_road_only,road_shadow_ratio_max,0.015918952284058277
raw_road_only,vehicle_resuspension_x_contrast_std,0.015576023170678592
raw_road_only,osm_major_road_fraction_250m,0.015374865519640648
raw_road_only,tertiary_road_count_250m,0.01518932740371159
raw_road_only,road_brown_pixel_ratio_mean,0.014039162141461125
raw_road_only,vehicle_count_x_osm_road_length,0.013996538027967522
raw_road_only,vehicle_resuspension_x_laplacian_std,0.013620438870093956
raw_road_only,resuspension_x_osm_major_road_intensity,0.013582724157404143
raw_road_only,primary_road_count_250m,0.013509526493741824
raw_road_only,road_gray_dry_x_texture,0.012997894607555427
raw_road_only,vehicle_resuspension_x_gray_dry_pixel_ratio,0.012067190826127708
raw_road_only,total_road_length_250m,0.01171963923197341
raw_road_only,road_laplacian_std_std,0.01138071059913192
raw_road_only,road_area_ratio_max,0.01132002633792751
raw_road_only,vehicle_resuspension_x_road_gray_dry_mean,0.010595425348976329
raw_road_only,road_haze_flatness_proxy_std,0.010429324399600095
raw_road_only,road_shadow_ratio_std,0.010390962149955779
raw_road_only,road_brown_pixel_ratio_min,0.01018059430381944
raw_road_only,road_haze_flatness_proxy_mean,0.010156585811370685
raw_road_only,road_mean_brightness_mean,0.010105483461934045
raw_road_only,road_segment_count_250m,0.00973017432053156
raw_road_only,osm_avg_road_segment_length_250m,0.009251244394837847
raw_road_only,road_laplacian_std_min,0.008958650245006328
raw_road_only,road_area_m2_depth_est_visible_v1,0.008723093234137853
raw_road_only,osm_minor_road_intensity_250m,0.008691316130922375
raw_road_only,road_area_m2_occlusion_adjusted_conservative_v1,0.00847443014564455
raw_road_only,road_shadow_ratio_min,0.008273333315663876
raw_road_only,road_brown_pixel_ratio_std,0.008057718689209731
raw_road_only,visible_road_area_m2_depth_est,0.008042184730969093
raw_road_only,road_mean_brightness_max,0.007876077763339151
raw_road_only,road_contrast_std_std,0.007578941077171789
raw_road_only,osm_industrial_construction_intensity_250m,0.00746752571342947
raw_road_only,occlusion_adjusted_road_area_m2_est_conservative,0.007398075572890033
raw_road_only,road_area_ratio_mean,0.007292710138028809
raw_road_only,road_gray_dry_pixel_ratio_max,0.007285324162464345
raw_road_only,osm_major_road_intensity_250m,0.006779370321894231
raw_road_only,road_brown_pixel_ratio_max,0.006764655427073308
raw_road_only,residential_road_count_250m,0.006568565300262424
raw_road_only,road_area_ratio_std,0.006243584533260337
raw_road_only,road_haze_flatness_proxy_max,0.006202518899120528
raw_road_only,secondary_road_count_250m,0.006150760322163269
raw_road_only,road_laplacian_std_mean,0.005728198266871559
raw_road_only,road_area_ratio_min,0.005565170262616916
raw_road_only,road_area_vehicle_occlusion_fraction_v1,0.00553187848971908
raw_road_only,road_area_m2_vehicle_occluded_conservative_v1,0.005516893580627202
raw_road_only,road_contrast_std_max,0.005332414685662611
raw_road_only,industrial_count_250m,0.005133831923880734
raw_road_only,road_area_occlusion_added_ratio_vs_visible,0.004953121376131128
raw_road_only,road_laplacian_std_max,0.004932567784287318
raw_road_only,road_mean_brightness_std,0.004580984575137598
raw_road_only,road_contrast_std_min,0.004502478597578306
raw_road_only,vehicle_occluded_road_area_m2_est_conservative,0.004436139753194203
raw_road_only,road_brown_x_texture,0.004196986731942215
raw_road_only,road_contrast_std_mean,0.0035487580545522043
raw_road_only,road_glare_ratio_mean,0.0017631015022192
raw_road_only,road_glare_ratio_std,0.0014058148627680504
raw_road_only,road_glare_ratio_max,0.001348565969034779
raw_road_only,road_glare_ratio_min,0.0012759735559317977
raw_road_only,road_all_2_lenses_available,9.806368304365125e-05
raw_road_only,road_frame_count,8.383886928228166e-05
raw_road_only,road_lens_count,8.365777467340702e-05
raw_road_only,road_features_available,5.10314538386308e-05
raw_road_only,service_road_count_250m,0.0
raw_road_only,trunk_road_count_250m,0.0
raw_road_only,unclassified_road_count_250m,0.0
raw_osm_only,osm_longitude_rounded,0.19130937639575027
raw_osm_only,exhaust_x_osm_human_activity_intensity,0.1541612382943543
raw_osm_only,osm_commercial_retail_intensity_250m,0.09655765189092785
raw_osm_only,osm_human_activity_intensity_250m,0.07333489212792717
raw_osm_only,resuspension_x_osm_major_road_intensity,0.06498417788471707
raw_osm_only,osm_major_road_fraction_250m,0.06406443365043442
raw_osm_only,primary_road_count_250m,0.051212789600136026
raw_osm_only,osm_avg_road_segment_length_250m,0.042676726347321475
raw_osm_only,secondary_road_count_250m,0.03994529976297661
raw_osm_only,osm_minor_road_intensity_250m,0.038908137051247606
raw_osm_only,osm_latitude_rounded,0.036582723772321565
raw_osm_only,tertiary_road_count_250m,0.03325489842334649
raw_osm_only,vehicle_count_x_osm_road_length,0.033007930800775104
raw_osm_only,osm_major_road_intensity_250m,0.028942059189015087
raw_osm_only,residential_road_count_250m,0.028691498562083268
raw_osm_only,osm_industrial_construction_intensity_250m,0.022366166246665632
raw_osm_only,osm_error,0.0
raw_osm_only,service_road_count_250m,0.0
raw_osm_only,trunk_road_count_250m,0.0
raw_osm_only,motorway_count_250m,0.0
raw_osm_only,osm_features_available,0.0
engineered_vehicle_only,eng_auto_count,0.1960572382313199
engineered_vehicle_only,eng_auto_ratio,0.1433789015729514
engineered_vehicle_only,eng_heavy_x_road_dust,0.0648020040426124
engineered_vehicle_only,eng_traffic_mix_index,0.06148957373806069
engineered_vehicle_only,eng_car_count,0.06021568279339585
engineered_vehicle_only,eng_two_wheeler_traffic_score,0.05265550869444081
engineered_vehicle_only,eng_total_vehicle_count,0.042827264621448105
engineered_vehicle_only,eng_temp_x_vehicle,0.04221249941414695
engineered_vehicle_only,eng_car_ratio,0.0392431195192703
engineered_vehicle_only,eng_rh_x_vehicle,0.03855111609416918
engineered_vehicle_only,eng_two_wheeler_count,0.0370299047522573
engineered_vehicle_only,eng_traffic_x_road_dust,0.03586139182677586
engineered_vehicle_only,eng_heavy_vehicle_count,0.028338144034784893
engineered_vehicle_only,eng_two_wheeler_x_road_dust,0.026834783670597908
engineered_vehicle_only,eng_heavy_vehicle_ratio,0.026472915381695904
engineered_vehicle_only,eng_heavy_traffic_score,0.026322130290435574
engineered_vehicle_only,eng_rh_x_heavy,0.023928285372293273
engineered_vehicle_only,eng_two_wheeler_ratio,0.018750384100278173
engineered_vehicle_only,eng_vehicle_per_road_area,0.01773304688791406
engineered_vehicle_only,eng_heavy_vehicle_per_road_area,0.017296104961151592
engineered_vehicle_only,eng_person_per_vehicle,0.0
engineered_vehicle_only,eng_person_count,0.0
engineered_road_only,eng_road_gray_dry_ratio,0.1734149614652132
engineered_road_only,eng_heavy_x_road_dust,0.15738609687547228
engineered_road_only,eng_traffic_x_road_dust,0.12009101916395236
engineered_road_only,eng_saturation_corrected_brown,0.11861029346935664
engineered_road_only,eng_road_shadow_ratio,0.05206330930234405
engineered_road_only,eng_road_gray_dry_exposure,0.04458089545317097
engineered_road_only,eng_brightness_corrected_brown,0.03714186314240187
engineered_road_only,eng_road_brown_ratio,0.035980955064851765
engineered_road_only,eng_heavy_vehicle_per_road_area,0.03245435376459302
engineered_road_only,eng_rh_x_road_dust,0.029730776325283235
engineered_road_only,eng_two_wheeler_x_road_dust,0.027565805757815472
engineered_road_only,eng_temp_x_road_dust,0.02543760563429083
engineered_road_only,eng_road_brown_exposure,0.02432045752595036
engineered_road_only,eng_vehicle_per_road_area,0.02362706622985471
engineered_road_only,eng_road_area_ratio,0.022834843772078922
engineered_road_only,eng_road_texture_score,0.022790996934905675
engineered_road_only,eng_visible_road_quality,0.021910090048981864
engineered_road_only,eng_road_dust_score,0.0218835419568793
engineered_road_only,eng_road_glare_ratio,0.008175068112603366
engineered_source_proxy,eng_auto_count,0.13494404875590846
engineered_source_proxy,eng_road_gray_dry_ratio,0.09100446315053504
engineered_source_proxy,eng_auto_ratio,0.09085700172841227
engineered_source_proxy,eng_saturation_corrected_brown,0.07519483491522924
engineered_source_proxy,eng_heavy_x_road_dust,0.057646000010512406
engineered_source_proxy,eng_traffic_mix_index,0.050719719008397834
engineered_source_proxy,eng_car_count,0.04013679592195984
engineered_source_proxy,eng_total_vehicle_count,0.03524614272593962
engineered_source_proxy,eng_temp_x_vehicle,0.0331784197076862
engineered_source_proxy,eng_traffic_x_road_dust,0.029676194890168973
engineered_source_proxy,eng_rh_x_vehicle,0.02834588948277374
engineered_source_proxy,eng_car_ratio,0.02403186460846625
engineered_source_proxy,eng_heavy_traffic_score,0.02347587398655043
engineered_source_proxy,eng_two_wheeler_traffic_score,0.022577967179510283
engineered_source_proxy,eng_heavy_vehicle_count,0.02144455536475148
engineered_source_proxy,eng_brightness_corrected_brown,0.020861048740738672
engineered_source_proxy,eng_road_gray_dry_exposure,0.02074163796594329
engineered_source_proxy,eng_road_shadow_ratio,0.019909017195644918
engineered_source_proxy,eng_heavy_vehicle_ratio,0.01909683100160037
engineered_source_proxy,eng_rh_x_heavy,0.018447555770161595
engineered_source_proxy,eng_two_wheeler_count,0.01812057647267087
engineered_source_proxy,eng_road_brown_ratio,0.015286137637985349
engineered_source_proxy,eng_two_wheeler_ratio,0.012554420746325106
engineered_source_proxy,eng_temp_x_road_dust,0.010541572417448282
engineered_source_proxy,eng_road_texture_score,0.010015496304840547
engineered_source_proxy,eng_heavy_vehicle_per_road_area,0.009929323160340509
engineered_source_proxy,eng_road_dust_score,0.009646922817847688
engineered_source_proxy,eng_two_wheeler_x_road_dust,0.00910759824943635
engineered_source_proxy,eng_visible_road_quality,0.00887421348093871
engineered_source_proxy,eng_road_area_ratio,0.008851141391566598
engineered_source_proxy,eng_rh_x_road_dust,0.008044086540478916
engineered_source_proxy,eng_road_brown_exposure,0.008032470370765921
engineered_source_proxy,eng_vehicle_per_road_area,0.0075574711354693975
engineered_source_proxy,eng_road_glare_ratio,0.005902707162994793
engineered_source_proxy,eng_person_per_vehicle,0.0
engineered_source_proxy,eng_person_count,0.0
raw_source_proxy,road_gray_dry_pixel_ratio_std,0.06800242073752588
raw_source_proxy,idd_auto_rickshaw_count_sum,0.06568529425928583
raw_source_proxy,idd_auto_rickshaw_count_mean,0.06349991897826458
raw_source_proxy,road_mean_saturation_std,0.06286042835605063
raw_source_proxy,osm_longitude_rounded,0.046433012022716956
raw_source_proxy,road_mean_saturation_max,0.03444648961898957
raw_source_proxy,idd_auto_rickshaw_count_max,0.03343879163658662
raw_source_proxy,bus_stop_count_250m,0.029437195610927072
raw_source_proxy,road_gray_dry_pixel_ratio_min,0.02654954436119346
raw_source_proxy,road_gray_dry_x_texture,0.02125760053434741
raw_source_proxy,idd_motor_vehicle_count_sum,0.018970863206523973
raw_source_proxy,idd_motor_vehicle_count_mean,0.01764374349838698
raw_source_proxy,vehicle_exhaust_x_dry_air,0.016842604557896986
raw_source_proxy,road_laplacian_std_std,0.014567231030731294
raw_source_proxy,idd_car_count_sum,0.013956771638091362
raw_source_proxy,idd_bus_count_mean,0.013523678565384107
raw_source_proxy,vehicle_max_offset_sec,0.012745784383136128
raw_source_proxy,exhaust_x_osm_human_activity_intensity,0.012407664251611569
raw_source_proxy,idd_car_count_mean,0.011799704604657367
raw_source_proxy,idd_bus_count_sum,0.01174509541926221
raw_source_proxy,idd_total_vehicle_count_sum,0.011076274542489968
raw_source_proxy,vehicle_min_offset_sec,0.010982481596934046
raw_source_proxy,road_mean_brightness_max,0.008954715625979342
raw_source_proxy,road_gray_dry_pixel_ratio_mean,0.008896247775935208
raw_source_proxy,idd_vehicle_box_area_ratio_max,0.00864785929276716
raw_source_proxy,vehicle_resuspension_x_contrast_std,0.00827638600556069
raw_source_proxy,idd_car_count_max,0.007962685758245398
raw_source_proxy,road_contrast_std_std,0.007904461655932013
raw_source_proxy,primary_road_count_250m,0.007777442024998826
raw_source_proxy,idd_resuspension_vehicle_proxy_initial_max,0.007308442193330383
raw_source_proxy,vehicle_resuspension_x_laplacian_std,0.007007312969664464
raw_source_proxy,osm_major_road_fraction_250m,0.00688386541054959
raw_source_proxy,road_haze_flatness_proxy_min,0.006766474321286569
raw_source_proxy,vehicle_resuspension_x_dry_air,0.006571655347468774
raw_source_proxy,idd_bus_count_max,0.006542824286093559
raw_source_proxy,tertiary_road_count_250m,0.006476407808403664
raw_source_proxy,resuspension_x_osm_major_road_intensity,0.0063118551182921945
raw_source_proxy,idd_motor_vehicle_count_max,0.006144441182501244
raw_source_proxy,vehicle_resuspension_x_gray_dry_pixel_ratio,0.006101150040260674
raw_source_proxy,osm_human_activity_intensity_250m,0.006074345209566932
raw_source_proxy,road_mean_saturation_mean,0.006041345524642938
raw_source_proxy,idd_vehicle_box_area_ratio_mean,0.00585825602834647
raw_source_proxy,osm_commercial_retail_intensity_250m,0.005520100022372264
raw_source_proxy,idd_truck_count_max,0.0055171478419473235
raw_source_proxy,road_area_ratio_mean,0.005396310765502929
raw_source_proxy,idd_resuspension_vehicle_proxy_initial_mean,0.005287230735227301
raw_source_proxy,idd_resuspension_vehicle_proxy_initial_sum,0.005259046031974579
raw_source_proxy,road_area_ratio_min,0.0052128643580680225
raw_source_proxy,road_mean_brightness_min,0.0050221633743309565
raw_source_proxy,osm_industrial_construction_intensity_250m,0.004797410696971962
raw_source_proxy,road_brown_pixel_ratio_mean,0.004780349796741774
raw_source_proxy,osm_avg_road_segment_length_250m,0.004716605738585705
raw_source_proxy,road_area_ratio_max,0.004555901285366061
raw_source_proxy,vehicle_resuspension_x_road_brown_mean,0.004470565964708458
raw_source_proxy,idd_unknown_vehicle_count_mean,0.004433630293005059
raw_source_proxy,vehicle_resuspension_x_brown_pixel_ratio,0.004406192913699707
raw_source_proxy,osm_latitude_rounded,0.004363366752911191
raw_source_proxy,road_shadow_ratio_mean,0.004212686140276166
raw_source_proxy,road_mean_saturation_min,0.004003232916467475
raw_source_proxy,road_area_occlusion_added_ratio_vs_visible,0.003994249841106128
raw_source_proxy,idd_unknown_vehicle_count_sum,0.00385001855693894
raw_source_proxy,road_contrast_std_max,0.003849923763492754
raw_source_proxy,vehicle_occlusion_fraction_conservative,0.0038494269296863487
raw_source_proxy,road_shadow_ratio_max,0.003836333742971761
raw_source_proxy,vehicle_count_x_osm_road_length,0.0038078130598030767
raw_source_proxy,road_haze_flatness_proxy_max,0.0037921730745882703
raw_source_proxy,idd_truck_count_sum,0.0037750016460105207
raw_source_proxy,vehicle_resuspension_x_area_ratio,0.0036733628279523333
raw_source_proxy,total_road_length_250m,0.0036584567810233775
raw_source_proxy,idd_truck_count_mean,0.003480108297382348
raw_source_proxy,idd_unknown_vehicle_count_max,0.0034260760623629825
raw_source_proxy,vehicle_resuspension_x_road_gray_dry_mean,0.003370860472939876
raw_source_proxy,idd_motorcycle_count_sum,0.003351395693018368
raw_source_proxy,road_haze_flatness_proxy_mean,0.003333446009997399
raw_source_proxy,road_area_vehicle_occlusion_fraction_v1,0.0033116943061297617
raw_source_proxy,idd_heavy_vehicle_count_sum,0.003307390575310485
raw_source_proxy,idd_motorcycle_count_mean,0.0032792646986527295
raw_source_proxy,road_brown_x_texture,0.0032535944667502507
raw_source_proxy,idd_heavy_vehicle_count_mean,0.0032513170891171174
raw_source_proxy,road_area_m2_depth_est_visible_v1,0.003157683739980595
raw_source_proxy,secondary_road_count_250m,0.0031285555303687787
raw_source_proxy,road_area_ratio_std,0.003101931132739944
raw_source_proxy,idd_motorcycle_count_max,0.003068110434133082
raw_source_proxy,visible_road_area_m2_depth_est,0.003061669532397701
raw_source_proxy,road_brown_pixel_ratio_min,0.003002065671561573
raw_source_proxy,industrial_count_250m,0.0029898475543830246
raw_source_proxy,road_segment_count_250m,0.002983284568642414
raw_source_proxy,road_haze_flatness_proxy_std,0.002982333180475096
raw_source_proxy,road_area_m2_occlusion_adjusted_conservative_v1,0.00296668915990559
raw_source_proxy,road_contrast_std_mean,0.00293031331705124
raw_source_proxy,road_mean_brightness_mean,0.002881626310058781
raw_source_proxy,road_laplacian_std_min,0.0028380863610981757
raw_source_proxy,vehicle_occluded_road_area_m2_est_conservative,0.0027971899096410073
raw_source_proxy,idd_heavy_vehicle_count_max,0.0027595826115399606
raw_source_proxy,road_laplacian_std_max,0.0027072787476980684
raw_source_proxy,road_contrast_std_min,0.0026074274077985855
raw_source_proxy,osm_major_road_intensity_250m,0.0025879509905856472
raw_source_proxy,osm_minor_road_intensity_250m,0.0025445690011364278
raw_source_proxy,road_shadow_ratio_min,0.0024843859421800675
raw_source_proxy,occlusion_adjusted_road_area_m2_est_conservative,0.0024829788799545023
raw_source_proxy,road_area_m2_vehicle_occluded_conservative_v1,0.0024721031153660373
raw_source_proxy,road_brown_pixel_ratio_std,0.0023162147351787235
raw_source_proxy,idd_bicycle_count_max,0.002284748373504138
raw_source_proxy,vehicle_resuspension_x_haze_flatness_proxy,0.0020833025309212835
raw_source_proxy,residential_road_count_250m,0.002029085249359322
raw_source_proxy,road_brown_pixel_ratio_max,0.0020190927604979672
raw_source_proxy,road_shadow_ratio_std,0.001956492560986476
raw_source_proxy,road_gray_dry_pixel_ratio_max,0.0018416459463809515
raw_source_proxy,road_mean_brightness_std,0.0017365243496993985
raw_source_proxy,idd_bicycle_count_sum,0.001672317658818064
raw_source_proxy,road_laplacian_std_mean,0.001360502893612199
raw_source_proxy,idd_bicycle_count_mean,0.001154819301060439
raw_source_proxy,road_glare_ratio_mean,0.0007932680808467265
raw_source_proxy,road_glare_ratio_max,0.0007483296811558078
raw_source_proxy,road_glare_ratio_std,0.0007468977592803573
raw_source_proxy,road_glare_ratio_min,0.0007315572792935416
raw_source_proxy,road_all_2_lenses_available,4.551116189977066e-05
raw_source_proxy,road_frame_count,3.065296078152716e-05
raw_source_proxy,vehicle_features_available,2.8592905780735437e-05
raw_source_proxy,road_lens_count,2.5999498598083783e-05
raw_source_proxy,road_features_available,2.5371024910920662e-05
raw_source_proxy,vehicle_lens_count,2.375852798402534e-05
raw_source_proxy,vehicle_all_3_lenses_available,2.169963438292772e-05
raw_source_proxy,vehicle_frame_count,4.7151215854669165e-07
raw_source_proxy,service_road_count_250m,0.0
raw_source_proxy,unclassified_road_count_250m,0.0
raw_source_proxy,motorway_count_250m,0.0
raw_source_proxy,osm_error,0.0
raw_source_proxy,trunk_road_count_250m,0.0
raw_source_proxy,osm_features_available,0.0
tabular_plus_engineered_source,value.co_ppb,0.2917077341285273
tabular_plus_engineered_source,value.so2_ppb,0.14993613202927755
tabular_plus_engineered_source,eng_auto_count,0.04624374590514643
tabular_plus_engineered_source,minute_sin,0.04276796010066461
tabular_plus_engineered_source,minute_cos,0.03305722250501203
tabular_plus_engineered_source,eng_car_count,0.022328989659359824
tabular_plus_engineered_source,eng_heavy_x_road_dust,0.02217511320940149
tabular_plus_engineered_source,eng_traffic_mix_index,0.021268473838620235
tabular_plus_engineered_source,minute,0.01995357460677998
tabular_plus_engineered_source,eng_traffic_x_road_dust,0.019911380678459597
tabular_plus_engineered_source,rh,0.019104103596674898
tabular_plus_engineered_source,eng_auto_ratio,0.0180064277102684
tabular_plus_engineered_source,eng_total_vehicle_count,0.01744136342711417
tabular_plus_engineered_source,eng_temp_x_vehicle,0.017396420486577607
tabular_plus_engineered_source,eng_road_gray_dry_ratio,0.01642720440141745
tabular_plus_engineered_source,eng_heavy_traffic_score,0.015966318361737376
tabular_plus_engineered_source,eng_heavy_vehicle_ratio,0.014792195910079478
tabular_plus_engineered_source,eng_car_ratio,0.013627923437308977
tabular_plus_engineered_source,eng_brightness_corrected_brown,0.013495878477865646
tabular_plus_engineered_source,value.no2_ppb,0.012694448102724592
tabular_plus_engineered_source,eng_saturation_corrected_brown,0.0118472450914423
tabular_plus_engineered_source,eng_heavy_vehicle_count,0.01116546083448828
tabular_plus_engineered_source,eng_rh_x_vehicle,0.011157354525988039
tabular_plus_engineered_source,eng_rh_x_heavy,0.01102415881504397
tabular_plus_engineered_source,value.o3_ppb_compensated,0.009659045110577484
tabular_plus_engineered_source,eng_visible_road_quality,0.008809751343225565
tabular_plus_engineered_source,eng_two_wheeler_traffic_score,0.008684761319897705
tabular_plus_engineered_source,eng_road_brown_exposure,0.008677903176030576
tabular_plus_engineered_source,temp,0.008607552835705818
tabular_plus_engineered_source,eng_road_brown_ratio,0.00777499562038345
tabular_plus_engineered_source,eng_road_gray_dry_exposure,0.007328206262414237
tabular_plus_engineered_source,eng_road_area_ratio,0.007144588549520186
tabular_plus_engineered_source,eng_two_wheeler_ratio,0.006653133132677528
tabular_plus_engineered_source,eng_heavy_vehicle_per_road_area,0.006432946908242562
tabular_plus_engineered_source,eng_road_texture_score,0.006419179054930559
tabular_plus_engineered_source,eng_two_wheeler_x_road_dust,0.0062775953124586436
tabular_plus_engineered_source,eng_road_shadow_ratio,0.00610494240514557
tabular_plus_engineered_source,eng_temp_x_road_dust,0.005115805301836541
tabular_plus_engineered_source,eng_road_dust_score,0.004804937303922591
tabular_plus_engineered_source,eng_rh_x_road_dust,0.004629033757622381
tabular_plus_engineered_source,eng_vehicle_per_road_area,0.004157555953022291
tabular_plus_engineered_source,eng_two_wheeler_count,0.003991116773291159
tabular_plus_engineered_source,eng_road_glare_ratio,0.0032378564055727914
tabular_plus_engineered_source,hour,0.0008402589438867314
tabular_plus_engineered_source,hour_sin,0.0006645151112561167
tabular_plus_engineered_source,hour_cos,0.00048748957839928454
tabular_plus_engineered_source,eng_person_per_vehicle,0.0
tabular_plus_engineered_source,eng_person_count,0.0
tabular_plus_raw_source,value.co_ppb,0.23277381874614506
tabular_plus_raw_source,value.so2_ppb,0.11340577941780977
tabular_plus_raw_source,osm_longitude_rounded,0.030018951629999128
tabular_plus_raw_source,road_gray_dry_pixel_ratio_std,0.029339990946051844
tabular_plus_raw_source,idd_auto_rickshaw_count_mean,0.026738156343013214
tabular_plus_raw_source,idd_auto_rickshaw_count_sum,0.02392449822249248
tabular_plus_raw_source,idd_auto_rickshaw_count_max,0.022027197596883763
tabular_plus_raw_source,road_mean_saturation_std,0.021432294099478437
tabular_plus_raw_source,minute_sin,0.01911784163623557
tabular_plus_raw_source,road_mean_saturation_max,0.017438994857539337
tabular_plus_raw_source,osm_commercial_retail_intensity_250m,0.012054179546082637
tabular_plus_raw_source,bus_stop_count_250m,0.010779641607369687
tabular_plus_raw_source,minute,0.010716400211034809
tabular_plus_raw_source,osm_human_activity_intensity_250m,0.010453185310942293
tabular_plus_raw_source,vehicle_exhaust_x_dry_air,0.009971788419125207
tabular_plus_raw_source,vehicle_min_offset_sec,0.009913362534115767
tabular_plus_raw_source,value.no2_ppb,0.009436302155606124
tabular_plus_raw_source,minute_cos,0.008788288932274166
tabular_plus_raw_source,idd_car_count_sum,0.00873122456379713
tabular_plus_raw_source,rh,0.00869978380729122
tabular_plus_raw_source,road_mean_saturation_mean,0.008554112744976328
tabular_plus_raw_source,vehicle_resuspension_x_dry_air,0.00816884072641136
tabular_plus_raw_source,idd_car_count_mean,0.008165800755077635
tabular_plus_raw_source,exhaust_x_osm_human_activity_intensity,0.008093239056178082
tabular_plus_raw_source,idd_total_vehicle_count_sum,0.00793965480527941
tabular_plus_raw_source,vehicle_max_offset_sec,0.007783538934277609
tabular_plus_raw_source,primary_road_count_250m,0.00773774195181832
tabular_plus_raw_source,idd_motor_vehicle_count_sum,0.007671935997480952
tabular_plus_raw_source,idd_car_count_max,0.007648000075611299
tabular_plus_raw_source,idd_truck_count_max,0.0073907945132284545
tabular_plus_raw_source,road_gray_dry_pixel_ratio_min,0.007160138502747097
tabular_plus_raw_source,resuspension_x_osm_major_road_intensity,0.0069997618973068245
tabular_plus_raw_source,road_mean_saturation_min,0.006649315893456561
tabular_plus_raw_source,vehicle_resuspension_x_area_ratio,0.006228330564405561
tabular_plus_raw_source,idd_resuspension_vehicle_proxy_initial_max,0.006096617421234734
tabular_plus_raw_source,idd_motor_vehicle_count_mean,0.005944281500930944
tabular_plus_raw_source,osm_industrial_construction_intensity_250m,0.005778085793350155
tabular_plus_raw_source,tertiary_road_count_250m,0.00568982223935213
tabular_plus_raw_source,total_road_length_250m,0.005470528691839467
tabular_plus_raw_source,idd_vehicle_box_area_ratio_max,0.005175521241683536
tabular_plus_raw_source,road_contrast_std_std,0.005164615725813776
tabular_plus_raw_source,road_gray_dry_pixel_ratio_mean,0.0050588625473327285
tabular_plus_raw_source,idd_truck_count_sum,0.004876552873810907
tabular_plus_raw_source,idd_truck_count_mean,0.004775526741227181
tabular_plus_raw_source,visible_road_area_m2_depth_est,0.004735654725246236
tabular_plus_raw_source,road_area_ratio_mean,0.004715193486963424
tabular_plus_raw_source,road_area_m2_depth_est_visible_v1,0.004254121040181808
tabular_plus_raw_source,secondary_road_count_250m,0.004205123455461474
tabular_plus_raw_source,road_gray_dry_x_texture,0.004155455420861908
tabular_plus_raw_source,value.o3_ppb_compensated,0.004147471197310661
tabular_plus_raw_source,idd_bus_count_mean,0.004114076417232063
tabular_plus_raw_source,osm_major_road_fraction_250m,0.003993210228844703
tabular_plus_raw_source,temp,0.003946469902042932
tabular_plus_raw_source,osm_avg_road_segment_length_250m,0.0039209894953912364
tabular_plus_raw_source,road_segment_count_250m,0.003803103715636426
tabular_plus_raw_source,vehicle_resuspension_x_brown_pixel_ratio,0.003774858594223974
tabular_plus_raw_source,road_area_ratio_max,0.0035965240335595105
tabular_plus_raw_source,road_laplacian_std_std,0.0035397029536884178
tabular_plus_raw_source,idd_motor_vehicle_count_max,0.003496346306999298
tabular_plus_raw_source,road_area_ratio_min,0.0034644946327487052
tabular_plus_raw_source,osm_major_road_intensity_250m,0.0033183498323043304
tabular_plus_raw_source,idd_heavy_vehicle_count_sum,0.003142152263984282
tabular_plus_raw_source,idd_vehicle_box_area_ratio_mean,0.0031359676344636348
tabular_plus_raw_source,idd_heavy_vehicle_count_mean,0.0031340209352007037
tabular_plus_raw_source,idd_unknown_vehicle_count_max,0.0031116413875540805
tabular_plus_raw_source,idd_resuspension_vehicle_proxy_initial_mean,0.003098683670298358
tabular_plus_raw_source,road_brown_pixel_ratio_mean,0.0030957221191494975
tabular_plus_raw_source,idd_unknown_vehicle_count_sum,0.0030750043555789423
tabular_plus_raw_source,idd_unknown_vehicle_count_mean,0.003051125712289374
tabular_plus_raw_source,idd_bus_count_sum,0.003046328794825434
tabular_plus_raw_source,idd_motorcycle_count_max,0.0029126407741382507
tabular_plus_raw_source,road_contrast_std_max,0.0028636082675000704
tabular_plus_raw_source,idd_heavy_vehicle_count_max,0.002847910446582955
tabular_plus_raw_source,vehicle_count_x_osm_road_length,0.002832311301675942
tabular_plus_raw_source,residential_road_count_250m,0.0028294412923245455
tabular_plus_raw_source,vehicle_resuspension_x_road_gray_dry_mean,0.0027949862064476807
tabular_plus_raw_source,road_mean_brightness_min,0.0027861822668249566
tabular_plus_raw_source,vehicle_resuspension_x_road_brown_mean,0.002687401576080529
tabular_plus_raw_source,osm_minor_road_intensity_250m,0.002600963662022209
tabular_plus_raw_source,vehicle_resuspension_x_haze_flatness_proxy,0.00259894473958565
tabular_plus_raw_source,vehicle_resuspension_x_contrast_std,0.0024961620787144435
tabular_plus_raw_source,idd_bus_count_max,0.0024828775588783005
tabular_plus_raw_source,vehicle_resuspension_x_laplacian_std,0.0024813319292339795
tabular_plus_raw_source,idd_resuspension_vehicle_proxy_initial_sum,0.0024699971355475812
tabular_plus_raw_source,road_laplacian_std_min,0.002469026884453686
tabular_plus_raw_source,road_mean_brightness_max,0.0024509196734011887
tabular_plus_raw_source,road_brown_pixel_ratio_min,0.002414040564364698
tabular_plus_raw_source,road_mean_brightness_mean,0.002363372268797692
tabular_plus_raw_source,road_laplacian_std_max,0.0023519952212362402
tabular_plus_raw_source,occlusion_adjusted_road_area_m2_est_conservative,0.002338933604658891
tabular_plus_raw_source,road_haze_flatness_proxy_min,0.0022362293415028258
tabular_plus_raw_source,osm_latitude_rounded,0.0022275463282885946
tabular_plus_raw_source,idd_motorcycle_count_mean,0.002212370319449956
tabular_plus_raw_source,road_shadow_ratio_mean,0.0021631810561572214
tabular_plus_raw_source,vehicle_resuspension_x_gray_dry_pixel_ratio,0.0021180066936756143
tabular_plus_raw_source,vehicle_occlusion_fraction_conservative,0.0020934589518439967
tabular_plus_raw_source,road_area_ratio_std,0.0020916335848994464
tabular_plus_raw_source,idd_motorcycle_count_sum,0.0020216103619457512
tabular_plus_raw_source,industrial_count_250m,0.001994862671206368
tabular_plus_raw_source,road_area_m2_occlusion_adjusted_conservative_v1,0.0019884205106634597
tabular_plus_raw_source,road_brown_x_texture,0.0019677330979125207
tabular_plus_raw_source,road_shadow_ratio_std,0.0019509388002034774
tabular_plus_raw_source,road_gray_dry_pixel_ratio_max,0.0017901684349768238
tabular_plus_raw_source,vehicle_occluded_road_area_m2_est_conservative,0.0017886290723859218
tabular_plus_raw_source,road_haze_flatness_proxy_std,0.001778051730329719
tabular_plus_raw_source,road_contrast_std_min,0.0017753545598157452
tabular_plus_raw_source,road_haze_flatness_proxy_mean,0.0017688513949426392
tabular_plus_raw_source,road_contrast_std_mean,0.0017429190572659568
tabular_plus_raw_source,road_area_vehicle_occlusion_fraction_v1,0.0017107627684143385
tabular_plus_raw_source,road_shadow_ratio_max,0.0016963316347821012
tabular_plus_raw_source,road_shadow_ratio_min,0.0016784396790305212
tabular_plus_raw_source,road_brown_pixel_ratio_std,0.0015919769370520832
tabular_plus_raw_source,road_area_m2_vehicle_occluded_conservative_v1,0.0015505224047573567
tabular_plus_raw_source,road_area_occlusion_added_ratio_vs_visible,0.0014775728364696081
tabular_plus_raw_source,road_haze_flatness_proxy_max,0.0013863032642742893
tabular_plus_raw_source,road_laplacian_std_mean,0.0012987262018777541
tabular_plus_raw_source,idd_bicycle_count_max,0.0012745949461908648
tabular_plus_raw_source,idd_bicycle_count_mean,0.0010955492289051036
tabular_plus_raw_source,idd_bicycle_count_sum,0.0010837803511722379
tabular_plus_raw_source,road_mean_brightness_std,0.0009714694077317009
tabular_plus_raw_source,road_brown_pixel_ratio_max,0.0008271493975372367
tabular_plus_raw_source,hour,0.0006360466507978777
tabular_plus_raw_source,road_glare_ratio_std,0.0005383498377374191
tabular_plus_raw_source,road_glare_ratio_max,0.0005138437208395639
tabular_plus_raw_source,road_glare_ratio_min,0.00043222625884711596
tabular_plus_raw_source,road_glare_ratio_mean,0.0004259994694501596
tabular_plus_raw_source,hour_cos,0.00026349915837291476
tabular_plus_raw_source,hour_sin,0.00021426644154669774
tabular_plus_raw_source,road_all_2_lenses_available,0.00017122278157523344
tabular_plus_raw_source,road_lens_count,8.862954250327284e-05
tabular_plus_raw_source,vehicle_frame_count,7.184963773314427e-05
tabular_plus_raw_source,vehicle_lens_count,4.1455269519247695e-05
tabular_plus_raw_source,road_frame_count,3.710147481092592e-05
tabular_plus_raw_source,road_features_available,3.3793806476240756e-05
tabular_plus_raw_source,vehicle_features_available,3.0485093817365393e-05
tabular_plus_raw_source,vehicle_all_3_lenses_available,1.9944287681952768e-05
tabular_plus_raw_source,osm_features_available,0.0
tabular_plus_raw_source,motorway_count_250m,0.0
tabular_plus_raw_source,osm_error,0.0
tabular_plus_raw_source,trunk_road_count_250m,0.0
tabular_plus_raw_source,service_road_count_250m,0.0
tabular_plus_raw_source,unclassified_road_count_250m,0.0
tabular_plus_raw_and_engineered_source,value.co_ppb,0.22882481817403702
tabular_plus_raw_and_engineered_source,value.so2_ppb,0.11047020600223709
tabular_plus_raw_and_engineered_source,osm_longitude_rounded,0.024904348653443546
tabular_plus_raw_and_engineered_source,road_gray_dry_pixel_ratio_std,0.022478423006489674
tabular_plus_raw_and_engineered_source,idd_auto_rickshaw_count_sum,0.021436066832585133
tabular_plus_raw_and_engineered_source,eng_auto_count,0.019317671399617785
tabular_plus_raw_and_engineered_source,road_mean_saturation_std,0.018927935383741577
tabular_plus_raw_and_engineered_source,idd_auto_rickshaw_count_mean,0.01780957501711487
tabular_plus_raw_and_engineered_source,idd_auto_rickshaw_count_max,0.01684869868254538
tabular_plus_raw_and_engineered_source,minute_sin,0.01556677835982374
tabular_plus_raw_and_engineered_source,road_mean_saturation_max,0.013288868394778728
tabular_plus_raw_and_engineered_source,minute_cos,0.012367019735887025
tabular_plus_raw_and_engineered_source,osm_commercial_retail_intensity_250m,0.011536377058826899
tabular_plus_raw_and_engineered_source,road_mean_saturation_mean,0.00980090391601271
tabular_plus_raw_and_engineered_source,value.no2_ppb,0.009197804082480344
tabular_plus_raw_and_engineered_source,rh,0.008937744234946646
tabular_plus_raw_and_engineered_source,osm_human_activity_intensity_250m,0.008490540822389104
tabular_plus_raw_and_engineered_source,idd_motor_vehicle_count_sum,0.00820244758551722
tabular_plus_raw_and_engineered_source,vehicle_resuspension_x_dry_air,0.007820970924897697
tabular_plus_raw_and_engineered_source,idd_motor_vehicle_count_mean,0.007270939295149004
tabular_plus_raw_and_engineered_source,eng_auto_ratio,0.007138880466830471
tabular_plus_raw_and_engineered_source,idd_truck_count_max,0.006983002366763593
tabular_plus_raw_and_engineered_source,road_gray_dry_pixel_ratio_min,0.006980067963568638
tabular_plus_raw_and_engineered_source,minute,0.00682052639273244
tabular_plus_raw_and_engineered_source,road_mean_saturation_min,0.006763949484940086
tabular_plus_raw_and_engineered_source,eng_heavy_x_road_dust,0.006586348725325537
tabular_plus_raw_and_engineered_source,idd_car_count_sum,0.006301376896709281
tabular_plus_raw_and_engineered_source,idd_car_count_mean,0.0061950228509858015
tabular_plus_raw_and_engineered_source,idd_car_count_max,0.006104430675935332
tabular_plus_raw_and_engineered_source,total_road_length_250m,0.006094372813843531
tabular_plus_raw_and_engineered_source,eng_traffic_mix_index,0.005904118304721406
tabular_plus_raw_and_engineered_source,vehicle_exhaust_x_dry_air,0.005854550203641279
tabular_plus_raw_and_engineered_source,vehicle_max_offset_sec,0.005681044228578628
tabular_plus_raw_and_engineered_source,eng_heavy_traffic_score,0.00561459160293256
tabular_plus_raw_and_engineered_source,bus_stop_count_250m,0.005454567389869439
tabular_plus_raw_and_engineered_source,osm_industrial_construction_intensity_250m,0.0054503230254226084
tabular_plus_raw_and_engineered_source,eng_car_count,0.0054287043979341
tabular_plus_raw_and_engineered_source,primary_road_count_250m,0.005303223950218862
tabular_plus_raw_and_engineered_source,exhaust_x_osm_human_activity_intensity,0.005295325783646075
tabular_plus_raw_and_engineered_source,road_area_m2_depth_est_visible_v1,0.005250726736521044
tabular_plus_raw_and_engineered_source,vehicle_min_offset_sec,0.005016712115404632
tabular_plus_raw_and_engineered_source,visible_road_area_m2_depth_est,0.004887583508333266
tabular_plus_raw_and_engineered_source,idd_truck_count_sum,0.004808215445916259
tabular_plus_raw_and_engineered_source,eng_rh_x_vehicle,0.004676115909828959
tabular_plus_raw_and_engineered_source,vehicle_resuspension_x_area_ratio,0.004638784924408495
tabular_plus_raw_and_engineered_source,idd_truck_count_mean,0.0046263568120143254
tabular_plus_raw_and_engineered_source,resuspension_x_osm_major_road_intensity,0.004389813470298848
tabular_plus_raw_and_engineered_source,eng_heavy_vehicle_ratio,0.004325983793115825
tabular_plus_raw_and_engineered_source,tertiary_road_count_250m,0.004312931465207378
tabular_plus_raw_and_engineered_source,idd_resuspension_vehicle_proxy_initial_max,0.00428246157270507
tabular_plus_raw_and_engineered_source,road_segment_count_250m,0.004274065604828079
tabular_plus_raw_and_engineered_source,road_gray_dry_x_texture,0.004265479210307886
tabular_plus_raw_and_engineered_source,road_area_ratio_mean,0.004018297724302003
tabular_plus_raw_and_engineered_source,road_contrast_std_std,0.003925474711754579
tabular_plus_raw_and_engineered_source,idd_bus_count_sum,0.0038853141278685846
tabular_plus_raw_and_engineered_source,eng_temp_x_vehicle,0.003736291729786776
tabular_plus_raw_and_engineered_source,idd_bus_count_mean,0.003729926871380494
tabular_plus_raw_and_engineered_source,eng_road_area_ratio,0.003643376488669324
tabular_plus_raw_and_engineered_source,osm_avg_road_segment_length_250m,0.0036216897185442675
tabular_plus_raw_and_engineered_source,idd_resuspension_vehicle_proxy_initial_mean,0.003614867532707449
tabular_plus_raw_and_engineered_source,eng_total_vehicle_count,0.003603698949056361
tabular_plus_raw_and_engineered_source,road_laplacian_std_std,0.0035306073871587823
tabular_plus_raw_and_engineered_source,osm_major_road_fraction_250m,0.0034562011018892938
tabular_plus_raw_and_engineered_source,value.o3_ppb_compensated,0.00344076055949696
tabular_plus_raw_and_engineered_source,eng_road_gray_dry_exposure,0.0034087772179196845
tabular_plus_raw_and_engineered_source,secondary_road_count_250m,0.003402119173398694
tabular_plus_raw_and_engineered_source,road_contrast_std_max,0.003348364292524354
tabular_plus_raw_and_engineered_source,vehicle_resuspension_x_road_brown_mean,0.003339021190897807
tabular_plus_raw_and_engineered_source,road_gray_dry_pixel_ratio_mean,0.0032838208862318394
tabular_plus_raw_and_engineered_source,eng_saturation_corrected_brown,0.0032807801648742662
tabular_plus_raw_and_engineered_source,idd_vehicle_box_area_ratio_mean,0.0032741289850077016
tabular_plus_raw_and_engineered_source,idd_vehicle_box_area_ratio_max,0.00323644377035152
tabular_plus_raw_and_engineered_source,idd_unknown_vehicle_count_sum,0.0031985843555750342
tabular_plus_raw_and_engineered_source,idd_total_vehicle_count_sum,0.003111093718890551
tabular_plus_raw_and_engineered_source,road_area_ratio_max,0.00310450087278522
tabular_plus_raw_and_engineered_source,road_area_ratio_min,0.00307616839034353
tabular_plus_raw_and_engineered_source,osm_major_road_intensity_250m,0.0030202348368128335
tabular_plus_raw_and_engineered_source,eng_traffic_x_road_dust,0.002994447440284483
tabular_plus_raw_and_engineered_source,idd_heavy_vehicle_count_max,0.002991657939547577
tabular_plus_raw_and_engineered_source,eng_visible_road_quality,0.0029829386508868736
tabular_plus_raw_and_engineered_source,idd_unknown_vehicle_count_mean,0.00282570713813037
tabular_plus_raw_and_engineered_source,residential_road_count_250m,0.0028022769902073105
tabular_plus_raw_and_engineered_source,vehicle_count_x_osm_road_length,0.0027712054019758876
tabular_plus_raw_and_engineered_source,idd_unknown_vehicle_count_max,0.0027600130656527566
tabular_plus_raw_and_engineered_source,temp,0.0026150162277785937
tabular_plus_raw_and_engineered_source,eng_brightness_corrected_brown,0.0025420303975137817
tabular_plus_raw_and_engineered_source,eng_car_ratio,0.002467018747226918
tabular_plus_raw_and_engineered_source,vehicle_resuspension_x_contrast_std,0.002449040761126443
tabular_plus_raw_and_engineered_source,road_haze_flatness_proxy_min,0.002447343742837695
tabular_plus_raw_and_engineered_source,road_brown_pixel_ratio_mean,0.002440215189384137
tabular_plus_raw_and_engineered_source,eng_road_brown_ratio,0.0023542968204996093
tabular_plus_raw_and_engineered_source,road_area_m2_occlusion_adjusted_conservative_v1,0.002305553422241791
tabular_plus_raw_and_engineered_source,eng_road_brown_exposure,0.0022661822144004074
tabular_plus_raw_and_engineered_source,osm_minor_road_intensity_250m,0.0022618018549077946
tabular_plus_raw_and_engineered_source,vehicle_resuspension_x_road_gray_dry_mean,0.002252824264713127
tabular_plus_raw_and_engineered_source,idd_heavy_vehicle_count_mean,0.002252799122654103
tabular_plus_raw_and_engineered_source,eng_heavy_vehicle_count,0.002204141089540265
tabular_plus_raw_and_engineered_source,vehicle_occlusion_fraction_conservative,0.002189941340024706
tabular_plus_raw_and_engineered_source,idd_bus_count_max,0.0021897779043378272
tabular_plus_raw_and_engineered_source,eng_temp_x_road_dust,0.0021568071729386727
tabular_plus_raw_and_engineered_source,vehicle_resuspension_x_haze_flatness_proxy,0.002138465286744252
tabular_plus_raw_and_engineered_source,eng_heavy_vehicle_per_road_area,0.0021077142963601683
tabular_plus_raw_and_engineered_source,idd_heavy_vehicle_count_sum,0.0020624276321690883
tabular_plus_raw_and_engineered_source,road_laplacian_std_min,0.0020614747526216284
tabular_plus_raw_and_engineered_source,vehicle_resuspension_x_brown_pixel_ratio,0.0020537975467031285
tabular_plus_raw_and_engineered_source,road_area_ratio_std,0.0020509121601815982
tabular_plus_raw_and_engineered_source,idd_resuspension_vehicle_proxy_initial_sum,0.001986927559526478
tabular_plus_raw_and_engineered_source,road_gray_dry_pixel_ratio_max,0.0019561586039763624
tabular_plus_raw_and_engineered_source,osm_latitude_rounded,0.0019397432416107013
tabular_plus_raw_and_engineered_source,eng_two_wheeler_traffic_score,0.0019166598450209055
tabular_plus_raw_and_engineered_source,vehicle_occluded_road_area_m2_est_conservative,0.0018923183828729489
tabular_plus_raw_and_engineered_source,road_laplacian_std_max,0.001881347438857158
tabular_plus_raw_and_engineered_source,road_haze_flatness_proxy_std,0.0018781941241421225
tabular_plus_raw_and_engineered_source,idd_motorcycle_count_mean,0.0018419900569327913
tabular_plus_raw_and_engineered_source,road_mean_brightness_min,0.0017971968105013182
tabular_plus_raw_and_engineered_source,eng_rh_x_heavy,0.0017653097194535443
tabular_plus_raw_and_engineered_source,road_area_occlusion_added_ratio_vs_visible,0.0017379839115920792
tabular_plus_raw_and_engineered_source,eng_road_shadow_ratio,0.00172794514966275
tabular_plus_raw_and_engineered_source,eng_rh_x_road_dust,0.0017057494874955805
tabular_plus_raw_and_engineered_source,industrial_count_250m,0.0016956430060798388
tabular_plus_raw_and_engineered_source,idd_motorcycle_count_max,0.0016941982668246304
tabular_plus_raw_and_engineered_source,road_brown_pixel_ratio_min,0.0016642156195848421
tabular_plus_raw_and_engineered_source,road_haze_flatness_proxy_mean,0.0016512446488814274
tabular_plus_raw_and_engineered_source,road_area_vehicle_occlusion_fraction_v1,0.0016282131130606172
tabular_plus_raw_and_engineered_source,road_shadow_ratio_mean,0.0015903084681823188
tabular_plus_raw_and_engineered_source,eng_road_gray_dry_ratio,0.0015602588915728799
tabular_plus_raw_and_engineered_source,road_contrast_std_min,0.00155982679497051
tabular_plus_raw_and_engineered_source,vehicle_resuspension_x_laplacian_std,0.0015419310733555275
tabular_plus_raw_and_engineered_source,eng_two_wheeler_x_road_dust,0.00152776340960983
tabular_plus_raw_and_engineered_source,road_shadow_ratio_max,0.0015140163688945516
tabular_plus_raw_and_engineered_source,road_brown_x_texture,0.0014672583498684824
tabular_plus_raw_and_engineered_source,eng_road_texture_score,0.0014454312103358647
tabular_plus_raw_and_engineered_source,road_shadow_ratio_std,0.0014430332887166058
tabular_plus_raw_and_engineered_source,idd_motorcycle_count_sum,0.001442580137481195
tabular_plus_raw_and_engineered_source,occlusion_adjusted_road_area_m2_est_conservative,0.0014296900088353994
tabular_plus_raw_and_engineered_source,vehicle_resuspension_x_gray_dry_pixel_ratio,0.0014067869802519607
tabular_plus_raw_and_engineered_source,road_mean_brightness_max,0.0013551549319426963
tabular_plus_raw_and_engineered_source,road_area_m2_vehicle_occluded_conservative_v1,0.0013497223893873323
tabular_plus_raw_and_engineered_source,road_brown_pixel_ratio_std,0.0013265055181780855
tabular_plus_raw_and_engineered_source,idd_bicycle_count_mean,0.0013222429872012493
tabular_plus_raw_and_engineered_source,road_mean_brightness_mean,0.0012642486061075528
tabular_plus_raw_and_engineered_source,eng_two_wheeler_ratio,0.0012532780233967416
tabular_plus_raw_and_engineered_source,eng_vehicle_per_road_area,0.0012512955441435533
tabular_plus_raw_and_engineered_source,road_contrast_std_mean,0.0012297159019877843
tabular_plus_raw_and_engineered_source,road_mean_brightness_std,0.0012002963118161415
tabular_plus_raw_and_engineered_source,eng_road_dust_score,0.0011929163542367244
tabular_plus_raw_and_engineered_source,idd_motor_vehicle_count_max,0.0011653964654392845
tabular_plus_raw_and_engineered_source,road_shadow_ratio_min,0.0010851166407680568
tabular_plus_raw_and_engineered_source,idd_bicycle_count_max,0.001016146435582703
tabular_plus_raw_and_engineered_source,road_haze_flatness_proxy_max,0.0010137615308033938
tabular_plus_raw_and_engineered_source,eng_two_wheeler_count,0.0009958226410297058
tabular_plus_raw_and_engineered_source,idd_bicycle_count_sum,0.0009835189061240942
tabular_plus_raw_and_engineered_source,road_laplacian_std_mean,0.0009381468919944632
tabular_plus_raw_and_engineered_source,road_glare_ratio_std,0.0006929320442140319
tabular_plus_raw_and_engineered_source,road_brown_pixel_ratio_max,0.0006247948779125379
tabular_plus_raw_and_engineered_source,road_glare_ratio_mean,0.000574759116928995
tabular_plus_raw_and_engineered_source,road_glare_ratio_max,0.00046381405082674944
tabular_plus_raw_and_engineered_source,eng_road_glare_ratio,0.00041511941676299985
tabular_plus_raw_and_engineered_source,hour,0.00039161284834344595
tabular_plus_raw_and_engineered_source,road_glare_ratio_min,0.00029190917938243645
tabular_plus_raw_and_engineered_source,hour_sin,0.0002689364520885141
tabular_plus_raw_and_engineered_source,hour_cos,0.00017586364515492526
tabular_plus_raw_and_engineered_source,road_all_2_lenses_available,0.00011753239269027368
tabular_plus_raw_and_engineered_source,road_features_available,7.045301620891654e-05
tabular_plus_raw_and_engineered_source,road_frame_count,5.746386352967176e-05
tabular_plus_raw_and_engineered_source,road_lens_count,3.709963350960927e-05
tabular_plus_raw_and_engineered_source,vehicle_lens_count,3.4736935660175844e-05
tabular_plus_raw_and_engineered_source,vehicle_all_3_lenses_available,3.0310395011974617e-05
tabular_plus_raw_and_engineered_source,vehicle_features_available,1.5005943666265936e-05
tabular_plus_raw_and_engineered_source,vehicle_frame_count,8.27715198769951e-06
tabular_plus_raw_and_engineered_source,osm_features_available,0.0
tabular_plus_raw_and_engineered_source,service_road_count_250m,0.0
tabular_plus_raw_and_engineered_source,motorway_count_250m,0.0
tabular_plus_raw_and_engineered_source,unclassified_road_count_250m,0.0
tabular_plus_raw_and_engineered_source,eng_person_per_vehicle,0.0
tabular_plus_raw_and_engineered_source,eng_person_count,0.0
tabular_plus_raw_and_engineered_source,osm_error,0.0
tabular_plus_raw_and_engineered_source,trunk_road_count_250m,0.0
