experiment,feature_set,model,n_features,n_rows,n_splits,MAE,RMSE,R2,Spearman,Bias,mode,log_target,base_model,residual_model,n_base_features,n_residual_features
residual_raw_source_base-et_leaf2_res-hgb_slow_log1p,raw_source,base_et_leaf2_res_hgb_slow,149,281,5,5.841350825097033,9.908645692245228,0.6361173361399721,0.7493661370052677,-0.25791171049708667,residual_fusion,True,et_leaf2,hgb_slow,12.0,137.0
residual_all_source_base-et_leaf2_res-hgb_slow_log1p,all_source,base_et_leaf2_res_hgb_slow,188,281,5,5.998354088673892,9.988978023473592,0.6301932092736267,0.7440724074895346,-0.2755972866634656,residual_fusion,True,et_leaf2,hgb_slow,12.0,176.0
residual_all_source_base-et_leaf2_res-et_leaf2_log1p,all_source,base_et_leaf2_res_et_leaf2,188,281,5,5.8251320543333085,10.054852804080435,0.6252995618418649,0.7728136594230332,-0.36862788963990584,residual_fusion,True,et_leaf2,et_leaf2,12.0,176.0
residual_raw_source_base-et_leaf2_res-et_leaf3_log1p,raw_source,base_et_leaf2_res_et_leaf3,149,281,5,5.8011276639030624,10.056224332722719,0.6251973331084874,0.7735113413882247,-0.366143751088585,residual_fusion,True,et_leaf2,et_leaf3,12.0,137.0
residual_all_source_base-et_leaf2_res-et_leaf3_log1p,all_source,base_et_leaf2_res_et_leaf3,188,281,5,5.816359341829146,10.06210655502314,0.6247587356138629,0.7739434715356575,-0.3525865482799378,residual_fusion,True,et_leaf2,et_leaf3,12.0,176.0
residual_raw_source_base-et_leaf2_res-et_leaf2_log1p,raw_source,base_et_leaf2_res_et_leaf2,149,281,5,5.807813923744693,10.06796225111389,0.624321861256041,0.7746508885980377,-0.39252214419363074,residual_fusion,True,et_leaf2,et_leaf2,12.0,137.0
residual_raw_source_base-et_leaf2_res-hgb_slow_raw,raw_source,base_et_leaf2_res_hgb_slow,149,281,5,6.078291112712882,10.158369889021571,0.6175445875770452,0.7474261484710488,0.4127362517757999,residual_fusion,False,et_leaf2,hgb_slow,12.0,137.0
residual_all_source_base-et_leaf2_res-hgb_slow_raw,all_source,base_et_leaf2_res_hgb_slow,188,281,5,6.124283881607168,10.202903178640437,0.6141839438652289,0.7478279916494498,0.4031481543510528,residual_fusion,False,et_leaf2,hgb_slow,12.0,176.0
residual_all_source_base-et_leaf2_res-rf_leaf2_log1p,all_source,base_et_leaf2_res_rf_leaf2,188,281,5,6.009114867726626,10.207178293655746,0.6138605548170742,0.7631607697216841,-0.2918983487576446,residual_fusion,True,et_leaf2,rf_leaf2,12.0,176.0
residual_raw_source_base-et_leaf2_res-rf_leaf2_log1p,raw_source,base_et_leaf2_res_rf_leaf2,149,281,5,5.9859122998338155,10.23454248748319,0.611787394552328,0.7606766974223625,-0.3009767795640886,residual_fusion,True,et_leaf2,rf_leaf2,12.0,137.0
residual_raw_source_base-et_leaf2_res-et_leaf2_raw,raw_source,base_et_leaf2_res_et_leaf2,149,281,5,6.014244948319052,10.27572380677319,0.6086569622149733,0.7733409771874221,0.3714382882483536,residual_fusion,False,et_leaf2,et_leaf2,12.0,137.0
residual_all_source_base-et_leaf2_res-et_leaf2_raw,all_source,base_et_leaf2_res_et_leaf2,188,281,5,6.030992650709893,10.279451082756143,0.6083730098477247,0.7730332399485119,0.38356915957288457,residual_fusion,False,et_leaf2,et_leaf2,12.0,176.0
residual_all_source_base-et_leaf2_res-et_leaf3_raw,all_source,base_et_leaf2_res_et_leaf3,188,281,5,6.003891746950961,10.30205550872833,0.6066487472336601,0.7752560871399364,0.4039348519427535,residual_fusion,False,et_leaf2,et_leaf3,12.0,176.0
residual_raw_source_base-et_leaf2_res-et_leaf3_raw,raw_source,base_et_leaf2_res_et_leaf3,149,281,5,6.027905470545861,10.331082578515339,0.604429011628649,0.7711776222565954,0.41484588462937605,residual_fusion,False,et_leaf2,et_leaf3,12.0,137.0
residual_raw_source_base-et_leaf3_res-et_leaf2_raw,raw_source,base_et_leaf3_res_et_leaf2,149,281,5,6.336621873810548,10.355878712663944,0.6025278744912751,0.7335114495559714,0.21061720056539415,residual_fusion,False,et_leaf3,et_leaf2,12.0,137.0
residual_raw_source_base-et_leaf3_res-et_leaf3_raw,raw_source,base_et_leaf3_res_et_leaf3,149,281,5,6.314488351568479,10.364005178558873,0.6019038210233193,0.7394114592910684,0.31241928125847296,residual_fusion,False,et_leaf3,et_leaf3,12.0,137.0
residual_all_source_base-et_leaf2_res-rf_leaf2_raw,all_source,base_et_leaf2_res_rf_leaf2,188,281,5,6.144896199099687,10.408551975511449,0.5984742546562243,0.7607432205864855,0.3962953771532242,residual_fusion,False,et_leaf2,rf_leaf2,12.0,176.0
residual_raw_source_base-et_leaf3_res-et_leaf2_log1p,raw_source,base_et_leaf3_res_et_leaf2,149,281,5,6.238895003627592,10.421102071330337,0.5975053927846634,0.742054538177806,-0.14442934181324035,residual_fusion,True,et_leaf3,et_leaf2,12.0,137.0
residual_raw_source_base-et_leaf3_res-et_leaf3_log1p,raw_source,base_et_leaf3_res_et_leaf3,149,281,5,6.236819651369767,10.431752349202057,0.5966822802473631,0.7483115014764896,-0.06679732381455081,residual_fusion,True,et_leaf3,et_leaf3,12.0,137.0
residual_raw_source_base-et_leaf2_res-rf_leaf2_raw,raw_source,base_et_leaf2_res_rf_leaf2,149,281,5,6.1406401371195285,10.45922785334545,0.5945549385434747,0.7607215870371772,0.3887967570283437,residual_fusion,False,et_leaf2,rf_leaf2,12.0,137.0
residual_raw_source_base-et_leaf3_res-hgb_slow_raw,raw_source,base_et_leaf3_res_hgb_slow,149,281,5,6.597776775149795,10.460271911698618,0.5944739900381384,0.6943395818234918,0.2809034622098013,residual_fusion,False,et_leaf3,hgb_slow,12.0,137.0
direct_tabular_plus_top15_source_et_leaf1_log1p,tabular_plus_top15_source,et_leaf1,27,281,5,5.976737881801825,10.462886129789053,0.5942712676014854,0.7594452076279894,-1.3992939823745336,direct,True,,,,
direct_tabular_plus_top50_source_et_leaf1_raw,tabular_plus_top50_source,et_leaf1,62,281,5,6.6184191160354935,10.488974376753541,0.5922454503856005,0.7272128416748692,0.628023056850754,direct,False,,,,
residual_all_source_base-et_leaf2_res-et_leaf1_log1p,all_source,base_et_leaf2_res_et_leaf1,188,281,5,5.605521819038202,10.494408880217197,0.5918228127681806,0.78695605144458,-1.5400776131288498,residual_fusion,True,et_leaf2,et_leaf1,12.0,176.0
direct_tabular_et_leaf2_log1p,tabular,et_leaf2,12,281,5,5.702380482772332,10.497060622867856,0.5916165090844654,0.7866515592380662,-1.3708572352487438,direct,True,,,,
residual_raw_source_base-et_leaf3_res-hgb_slow_log1p,raw_source,base_et_leaf3_res_hgb_slow,149,281,5,6.496941316283157,10.52493599050236,0.589444671562019,0.6961768109984963,-0.1347112927817072,residual_fusion,True,et_leaf3,hgb_slow,12.0,137.0
residual_all_source_base-et_leaf2_res-et_leaf1_raw,all_source,base_et_leaf2_res_et_leaf1,188,281,5,5.873076863559722,10.529514130209002,0.5890874269302907,0.7797147616523703,-0.21885573590877436,residual_fusion,False,et_leaf2,et_leaf1,12.0,176.0
direct_tabular_plus_top10_source_et_leaf1_log1p,tabular_plus_top10_source,et_leaf1,22,281,5,5.962535873213605,10.537434042804044,0.5884690478599155,0.7605463552877801,-1.3293549264203932,direct,True,,,,
residual_raw_source_base-et_leaf2_res-et_leaf1_log1p,raw_source,base_et_leaf2_res_et_leaf1,149,281,5,5.70438298528072,10.539616688528536,0.5882985472815981,0.7857543077805058,-1.3123077214956684,residual_fusion,True,et_leaf2,et_leaf1,12.0,137.0
residual_raw_source_base-et_leaf2_res-et_leaf1_raw,raw_source,base_et_leaf2_res_et_leaf1,149,281,5,5.953317700457933,10.54973466147909,0.5875077056876019,0.77815011519865,-0.09741233484864642,residual_fusion,False,et_leaf2,et_leaf1,12.0,137.0
direct_tabular_et_leaf2_raw,tabular,et_leaf2,12,281,5,6.1085527484988305,10.572680248210423,0.5857114196131064,0.7771701154149855,0.3231888013054512,direct,False,,,,
direct_tabular_plus_top15_source_et_leaf1_raw,tabular_plus_top15_source,et_leaf1,27,281,5,6.525626484513325,10.583318156200134,0.5848773111613913,0.7350955662040691,0.6497037993268038,direct,False,,,,
direct_tabular_plus_top20_source_et_leaf1_log1p,tabular_plus_top20_source,et_leaf1,32,281,5,6.039482742411807,10.619239930761452,0.5820545195953548,0.7485905742625663,-1.4222431513583869,direct,True,,,,
residual_raw_source_base-et_leaf3_res-rf_leaf2_raw,raw_source,base_et_leaf3_res_rf_leaf2,149,281,5,6.475504902927971,10.629606997982425,0.5812380800183354,0.7319289554240715,0.34161805468564554,residual_fusion,False,et_leaf3,rf_leaf2,12.0,137.0
direct_tabular_plus_top30_source_et_leaf1_log1p,tabular_plus_top30_source,et_leaf1,42,281,5,5.990000837200313,10.64136164551159,0.580311400327852,0.7530005732890566,-1.5410585862980437,direct,True,,,,
direct_tabular_plus_top30_source_et_leaf1_raw,tabular_plus_top30_source,et_leaf1,42,281,5,6.6763227713524715,10.643089833480749,0.5801750719690603,0.7209320814719467,0.606711019313228,direct,False,,,,
residual_all_source_base-et_leaf1_res-hgb_slow_log1p,all_source,base_et_leaf1_res_hgb_slow,188,281,5,5.5562492890976936,10.676767739527897,0.5775139661379826,0.7909685340025309,-0.73883554755435,residual_fusion,True,et_leaf1,hgb_slow,12.0,176.0
residual_raw_source_base-et_leaf1_res-hgb_slow_log1p,raw_source,base_et_leaf1_res_hgb_slow,149,281,5,5.556249289097705,10.676767739527948,0.5775139661379785,0.7909685340025309,-0.7388355475543392,residual_fusion,True,et_leaf1,hgb_slow,12.0,137.0
residual_raw_source_base-et_leaf1_res-et_leaf3_log1p,raw_source,base_et_leaf1_res_et_leaf3,149,281,5,5.556249289097705,10.676767739527985,0.5775139661379756,0.7909685340025309,-0.7388355475543392,residual_fusion,True,et_leaf1,et_leaf3,12.0,137.0
residual_all_source_base-et_leaf1_res-et_leaf3_log1p,all_source,base_et_leaf1_res_et_leaf3,188,281,5,5.556249289097707,10.676767739527985,0.5775139661379756,0.7909685340025309,-0.7388355475543393,residual_fusion,True,et_leaf1,et_leaf3,12.0,176.0
residual_raw_source_base-et_leaf1_res-rf_leaf2_log1p,raw_source,base_et_leaf1_res_rf_leaf2,149,281,5,5.556249289097705,10.676767739527987,0.5775139661379753,0.7909685340025309,-0.7388355475543412,residual_fusion,True,et_leaf1,rf_leaf2,12.0,137.0
residual_raw_source_base-et_leaf1_res-et_leaf2_log1p,raw_source,base_et_leaf1_res_et_leaf2,149,281,5,5.556249289097707,10.676767739527987,0.5775139661379753,0.7909685340025309,-0.7388355475543389,residual_fusion,True,et_leaf1,et_leaf2,12.0,137.0
residual_all_source_base-et_leaf1_res-rf_leaf2_log1p,all_source,base_et_leaf1_res_rf_leaf2,188,281,5,5.556249289097705,10.676767739527987,0.5775139661379755,0.7909685340025309,-0.7388355475543409,residual_fusion,True,et_leaf1,rf_leaf2,12.0,176.0
residual_all_source_base-et_leaf1_res-et_leaf2_log1p,all_source,base_et_leaf1_res_et_leaf2,188,281,5,5.556249289097706,10.676767739527987,0.5775139661379755,0.7909685340025309,-0.738835547554339,residual_fusion,True,et_leaf1,et_leaf2,12.0,176.0
residual_raw_source_base-et_leaf1_res-et_leaf1_log1p,raw_source,base_et_leaf1_res_et_leaf1,149,281,5,5.556249289097705,10.676767739527987,0.5775139661379755,0.7909685340025309,-0.7388355475543391,residual_fusion,True,et_leaf1,et_leaf1,12.0,137.0
residual_all_source_base-et_leaf1_res-et_leaf1_log1p,all_source,base_et_leaf1_res_et_leaf1,188,281,5,5.556249289097707,10.676767739527989,0.5775139661379753,0.7909685340025309,-0.7388355475543387,residual_fusion,True,et_leaf1,et_leaf1,12.0,176.0
direct_tabular_et_leaf1_log1p,tabular,et_leaf1,12,281,5,5.556249289097694,10.676767739527989,0.5775139661379753,0.7909685340025309,-0.7388355475543722,direct,True,,,,
direct_tabular_plus_top50_source_et_leaf1_log1p,tabular_plus_top50_source,et_leaf1,62,281,5,6.003543906326721,10.68975327802443,0.5764856502523319,0.7449637097210352,-1.5646051689584684,direct,True,,,,
residual_raw_source_base-et_leaf3_res-rf_leaf2_log1p,raw_source,base_et_leaf3_res_rf_leaf2,149,281,5,6.460170483924531,10.695021682922969,0.5760680924570939,0.7306282382719119,0.05081386002806348,residual_fusion,True,et_leaf3,rf_leaf2,12.0,137.0
direct_tabular_plus_top15_source_et_leaf2_raw,tabular_plus_top15_source,et_leaf2,27,281,5,6.5717998042568,10.74706842415072,0.571931969643865,0.7332258867051022,0.24764252865582406,direct,False,,,,
direct_tabular_plus_top20_source_et_leaf1_raw,tabular_plus_top20_source,et_leaf1,32,281,5,6.725971596145663,10.755589918407498,0.5712528587822525,0.7190272474553536,0.6039854637195928,direct,False,,,,
direct_tabular_plus_top15_source_et_leaf2_log1p,tabular_plus_top15_source,et_leaf2,27,281,5,6.001904940553836,10.834769808749371,0.5649169700637839,0.7541893368235457,-1.675402458074826,direct,True,,,,
direct_tabular_plus_top10_source_et_leaf2_raw,tabular_plus_top10_source,et_leaf2,22,281,5,6.6240009384747,10.844661323269936,0.5641221964476891,0.7276790446624624,0.2461188310231125,direct,False,,,,
direct_tabular_plus_top10_source_et_leaf1_raw,tabular_plus_top10_source,et_leaf1,22,281,5,6.681529656137295,10.858089977066234,0.5630420564765994,0.7241717054808596,0.7174065846268781,direct,False,,,,
direct_tabular_plus_top30_source_et_leaf2_raw,tabular_plus_top30_source,et_leaf2,42,281,5,6.680852014104901,10.858174609990158,0.5630352447495657,0.7216919598913994,0.2629224232678609,direct,False,,,,
direct_tabular_plus_top10_source_et_leaf2_log1p,tabular_plus_top10_source,et_leaf2,22,281,5,6.041040126492926,10.882692361264697,0.5610596845863396,0.7506165561552854,-1.6845976367387474,direct,True,,,,
direct_tabular_plus_top50_source_et_leaf2_raw,tabular_plus_top50_source,et_leaf2,62,281,5,6.742800610047429,10.902703455889853,0.5594439535509421,0.7239786260532833,0.3062746354933742,direct,False,,,,
residual_raw_source_base-et_leaf3_res-et_leaf1_raw,raw_source,base_et_leaf3_res_et_leaf1,149,281,5,6.149165121536432,10.91851675173546,0.558165060597178,0.7533434650455926,-0.7816821628540046,residual_fusion,False,et_leaf3,et_leaf1,12.0,137.0
direct_tabular_plus_top20_source_et_leaf2_raw,tabular_plus_top20_source,et_leaf2,32,281,5,6.695615505433402,10.930189216445411,0.5572198663792938,0.720114333308094,0.19476643110329026,direct,False,,,,
direct_tabular_plus_top30_source_et_leaf2_log1p,tabular_plus_top30_source,et_leaf2,42,281,5,6.068381622532563,10.949536181600482,0.5556509944843295,0.7437825179288039,-1.7397645378399684,direct,True,,,,
direct_tabular_et_leaf3_raw,tabular,et_leaf3,12,281,5,6.480154066198459,10.949856846353576,0.5556249679662754,0.7578216097524039,0.21557598120838875,direct,False,,,,
direct_tabular_plus_top20_source_et_leaf2_log1p,tabular_plus_top20_source,et_leaf2,32,281,5,6.100381530915186,10.98241635767832,0.5529783315021313,0.7445499680905147,-1.7510881645269998,direct,True,,,,
direct_tabular_plus_top50_source_et_leaf2_log1p,tabular_plus_top50_source,et_leaf2,62,281,5,6.057454362103685,11.027903983053445,0.5492676609687781,0.7435742950167118,-1.7496003797385458,direct,True,,,,
direct_tabular_plus_raw_source_et_leaf2_raw,tabular_plus_raw_source,et_leaf2,149,281,5,6.771307163327468,11.054328432924812,0.5471050335863987,0.7152343454228817,0.14187424202104998,direct,False,,,,
direct_tabular_plus_top30_source_et_leaf3_raw,tabular_plus_top30_source,et_leaf3,42,281,5,6.858467403309638,11.086204008844108,0.5444893881828201,0.7090428236108556,0.16686367439414046,direct,False,,,,
direct_tabular_plus_top15_source_et_leaf3_raw,tabular_plus_top15_source,et_leaf3,27,281,5,6.80451898564094,11.10780414846233,0.5427126433292261,0.718515614014213,0.16318339673075505,direct,False,,,,
direct_tabular_plus_top50_source_et_leaf3_raw,tabular_plus_top50_source,et_leaf3,62,281,5,6.891739505743359,11.146877939334708,0.5394897961773096,0.7112727017058053,0.20505673611491612,direct,False,,,,
direct_tabular_plus_top20_source_et_leaf3_raw,tabular_plus_top20_source,et_leaf3,32,281,5,6.8638443264542035,11.162398139251517,0.5382065335229012,0.7101028675269606,0.13991559741863832,direct,False,,,,
direct_tabular_hgb_medium_log1p,tabular,hgb_medium,12,281,5,6.382615149283379,11.207207500915384,0.5344915246826316,0.7120304167703273,-1.0518542963914292,direct,True,,,,
direct_tabular_et_leaf3_log1p,tabular,et_leaf3,12,281,5,6.028395182673104,11.207556024554304,0.5344625713094658,0.7699407240748952,-1.6995140768380304,direct,True,,,,
residual_raw_source_base-et_leaf1_res-hgb_slow_raw,raw_source,base_et_leaf1_res_hgb_slow,149,281,5,6.173663143765303,11.238643407835283,0.5318763853386729,0.7810755119038604,0.8963172883716299,residual_fusion,False,et_leaf1,hgb_slow,12.0,137.0
residual_all_source_base-et_leaf1_res-hgb_slow_raw,all_source,base_et_leaf1_res_hgb_slow,188,281,5,6.173663143765306,11.238643407835287,0.5318763853386725,0.7810755119038604,0.8963172883716329,residual_fusion,False,et_leaf1,hgb_slow,12.0,176.0
residual_raw_source_base-et_leaf1_res-et_leaf2_raw,raw_source,base_et_leaf1_res_et_leaf2,149,281,5,6.173663143765304,11.23864340783529,0.5318763853386723,0.7810755119038604,0.8963172883716323,residual_fusion,False,et_leaf1,et_leaf2,12.0,137.0
residual_raw_source_base-et_leaf1_res-et_leaf3_raw,raw_source,base_et_leaf1_res_et_leaf3,149,281,5,6.173663143765305,11.23864340783529,0.5318763853386723,0.7810755119038604,0.896317288371632,residual_fusion,False,et_leaf1,et_leaf3,12.0,137.0
residual_raw_source_base-et_leaf1_res-rf_leaf2_raw,raw_source,base_et_leaf1_res_rf_leaf2,149,281,5,6.173663143765304,11.238643407835292,0.5318763853386722,0.7810755119038604,0.8963172883716322,residual_fusion,False,et_leaf1,rf_leaf2,12.0,137.0
residual_all_source_base-et_leaf1_res-et_leaf2_raw,all_source,base_et_leaf1_res_et_leaf2,188,281,5,6.173663143765306,11.238643407835292,0.5318763853386722,0.7810755119038604,0.8963172883716323,residual_fusion,False,et_leaf1,et_leaf2,12.0,176.0
residual_all_source_base-et_leaf1_res-et_leaf3_raw,all_source,base_et_leaf1_res_et_leaf3,188,281,5,6.173663143765304,11.238643407835292,0.5318763853386722,0.7810755119038604,0.8963172883716319,residual_fusion,False,et_leaf1,et_leaf3,12.0,176.0
residual_all_source_base-et_leaf1_res-et_leaf1_raw,all_source,base_et_leaf1_res_et_leaf1,188,281,5,6.173663143765305,11.238643407835292,0.5318763853386722,0.7810755119038604,0.8963172883716323,residual_fusion,False,et_leaf1,et_leaf1,12.0,176.0
residual_all_source_base-et_leaf1_res-rf_leaf2_raw,all_source,base_et_leaf1_res_rf_leaf2,188,281,5,6.173663143765304,11.238643407835292,0.5318763853386722,0.7810755119038604,0.8963172883716318,residual_fusion,False,et_leaf1,rf_leaf2,12.0,176.0
residual_raw_source_base-et_leaf1_res-et_leaf1_raw,raw_source,base_et_leaf1_res_et_leaf1,149,281,5,6.173663143765306,11.238643407835292,0.5318763853386722,0.7810755119038604,0.8963172883716324,residual_fusion,False,et_leaf1,et_leaf1,12.0,137.0
direct_tabular_et_leaf1_raw,tabular,et_leaf1,12,281,5,6.17366314376531,11.238643407835292,0.5318763853386721,0.7810755119038604,0.8963172883716441,direct,False,,,,
residual_raw_source_base-et_leaf3_res-et_leaf1_log1p,raw_source,base_et_leaf3_res_et_leaf1,149,281,5,5.991753088259978,11.259090789921808,0.5301714447089094,0.7682857575528128,-1.6898006657835376,residual_fusion,True,et_leaf3,et_leaf1,12.0,137.0
direct_tabular_plus_all_source_et_leaf2_raw,tabular_plus_all_source,et_leaf2,188,281,5,6.889650179255335,11.261579248108555,0.5299637409186355,0.707122846109747,0.23696355335601493,direct,False,,,,
direct_tabular_rf_leaf2_log1p,tabular,rf_leaf2,12,281,5,6.143841910720152,11.28755252710077,0.5277930930725754,0.7457560384644505,-1.5128915053565293,direct,True,,,,
direct_tabular_plus_top10_source_et_leaf3_raw,tabular_plus_top10_source,et_leaf3,22,281,5,6.881106016624449,11.297175122392613,0.5269876407376495,0.7199666843340652,0.157322157022376,direct,False,,,,
direct_tabular_plus_top30_source_et_leaf3_log1p,tabular_plus_top30_source,et_leaf3,42,281,5,6.272291809584412,11.338689156041031,0.523504870850396,0.7331534143149194,-1.9161146095898909,direct,True,,,,
direct_tabular_plus_raw_source_et_leaf2_log1p,tabular_plus_raw_source,et_leaf2,149,281,5,6.112128743742464,11.347306518442382,0.5227803265091229,0.7408452227714739,-1.8541809002679954,direct,True,,,,
direct_tabular_plus_raw_source_et_leaf3_raw,tabular_plus_raw_source,et_leaf3,149,281,5,6.956562507090261,11.3488757372469,0.522648327983416,0.7072191154041686,0.16187856083465121,direct,False,,,,
direct_tabular_plus_top15_source_et_leaf3_log1p,tabular_plus_top15_source,et_leaf3,27,281,5,6.2698266875828335,11.393934189076315,0.5188503437815982,0.7423346926413481,-1.9147258393500044,direct,True,,,,
direct_tabular_hgb_slow_log1p,tabular,hgb_slow,12,281,5,6.436375948346505,11.420969077888861,0.5165643450450557,0.7098502958387867,-1.0720869062284748,direct,True,,,,
direct_tabular_plus_top50_source_et_leaf3_log1p,tabular_plus_top50_source,et_leaf3,62,281,5,6.27023067752551,11.42918874089267,0.5158682380742259,0.7301036247011865,-1.9430051713225305,direct,True,,,,
direct_tabular_plus_top20_source_et_leaf3_log1p,tabular_plus_top20_source,et_leaf3,32,281,5,6.336492897326332,11.459688604165986,0.5132808882551622,0.7355866477733668,-1.9102658535534065,direct,True,,,,
direct_tabular_plus_raw_source_et_leaf1_log1p,tabular_plus_raw_source,et_leaf1,149,281,5,6.089322173343623,11.47049425462707,0.5123625742674167,0.7388414152667957,-2.2008283183129356,direct,True,,,,
direct_tabular_plus_all_source_et_leaf2_log1p,tabular_plus_all_source,et_leaf2,188,281,5,6.186035128536214,11.480084686853163,0.5115468101610374,0.7416067237071249,-1.8219014996038703,direct,True,,,,
direct_tabular_plus_top10_source_et_leaf3_log1p,tabular_plus_top10_source,et_leaf3,22,281,5,6.32738148275517,11.519607105707639,0.5081778311969297,0.7415347921556749,-1.9476400134899883,direct,True,,,,
direct_tabular_rf_leaf3_raw,tabular,rf_leaf3,12,281,5,6.712320985231223,11.52530525519867,0.5076911532512989,0.7174620601629005,0.17373177961407352,direct,False,,,,
direct_tabular_plus_top15_source_hgb_slow_log1p,tabular_plus_top15_source,hgb_slow,27,281,5,6.331623845916004,11.53617064414139,0.5067624752849165,0.7149244448290408,-1.3100862552242907,direct,True,,,,
direct_tabular_plus_top15_source_hgb_medium_log1p,tabular_plus_top15_source,hgb_medium,27,281,5,6.318847980289434,11.570548121278039,0.50381842619726,0.7123911562050426,-1.3771972277963507,direct,True,,,,
direct_tabular_plus_all_source_et_leaf3_raw,tabular_plus_all_source,et_leaf3,188,281,5,7.094232655765379,11.57325883929721,0.5035859106981981,0.7019648671159233,0.28460626606671524,direct,False,,,,
direct_tabular_rf_leaf3_log1p,tabular,rf_leaf3,12,281,5,6.223871064084779,11.576426138341223,0.5033141623445234,0.7411643176237708,-1.7164635338584966,direct,True,,,,
direct_tabular_plus_top15_source_rf_leaf2_log1p,tabular_plus_top15_source,rf_leaf2,27,281,5,6.413001239008896,11.59779399389311,0.5014788971275168,0.7306796179515191,-1.7980066106589048,direct,True,,,,
direct_tabular_plus_top10_source_rf_leaf2_log1p,tabular_plus_top10_source,rf_leaf2,22,281,5,6.387507021078804,11.604180279426842,0.5009297280949506,0.7298770132721824,-1.8376477709680925,direct,True,,,,
direct_tabular_plus_top30_source_rf_leaf2_log1p,tabular_plus_top30_source,rf_leaf2,42,281,5,6.4515657295245195,11.641239754720619,0.4977369448869339,0.7213079643911777,-1.7513910868394633,direct,True,,,,
direct_tabular_plus_top20_source_rf_leaf2_log1p,tabular_plus_top20_source,rf_leaf2,32,281,5,6.462730470302325,11.6416425191741,0.4977021896188274,0.7226465402546268,-1.735899766662882,direct,True,,,,
direct_tabular_plus_top30_source_hgb_medium_log1p,tabular_plus_top30_source,hgb_medium,42,281,5,6.379599959159876,11.641672690750477,0.4976995860108978,0.7001124944564029,-1.235851479322736,direct,True,,,,
direct_tabular_rf_leaf2_raw,tabular,rf_leaf2,12,281,5,6.688631274989916,11.647483241138723,0.49719804807658896,0.7240224339906325,0.33151288252990624,direct,False,,,,
direct_tabular_plus_top30_source_hgb_slow_log1p,tabular_plus_top30_source,hgb_slow,42,281,5,6.411472119422203,11.656571774278063,0.4964130690404589,0.6945223853151465,-1.3067932602262762,direct,True,,,,
direct_tabular_plus_all_source_et_leaf1_log1p,tabular_plus_all_source,et_leaf1,188,281,5,6.129740863363674,11.696806187796337,0.4929306570468993,0.7367672987268655,-2.2787632944467067,direct,True,,,,
direct_tabular_plus_top15_source_rf_leaf2_raw,tabular_plus_top15_source,rf_leaf2,27,281,5,7.089160802346766,11.706271949365798,0.4921096227294275,0.6876331815379289,0.26778453924345225,direct,False,,,,
direct_tabular_plus_top10_source_rf_leaf2_raw,tabular_plus_top10_source,rf_leaf2,22,281,5,7.074524087647856,11.723558075317506,0.4906085574570539,0.6842118357148265,0.21084559608644984,direct,False,,,,
direct_tabular_plus_top30_source_rf_leaf2_raw,tabular_plus_top30_source,rf_leaf2,42,281,5,7.124539016378493,11.781469679274402,0.48556358117949483,0.6856499259050935,0.3202920187276187,direct,False,,,,
direct_tabular_plus_top15_source_rf_leaf3_raw,tabular_plus_top15_source,rf_leaf3,27,281,5,7.111243148958584,11.789378974182197,0.48487263255776525,0.6887181040357384,0.22748957861249097,direct,False,,,,
direct_tabular_plus_top20_source_hgb_medium_log1p,tabular_plus_top20_source,hgb_medium,32,281,5,6.484946898128554,11.831148385170177,0.4812160051748203,0.6908663154820495,-1.2329159885762395,direct,True,,,,
direct_tabular_plus_raw_source_et_leaf3_log1p,tabular_plus_raw_source,et_leaf3,149,281,5,6.3169907063999595,11.833231692231807,0.48103328723727024,0.7374714707568496,-1.9952879059944104,direct,True,,,,
direct_tabular_plus_top50_source_rf_leaf2_raw,tabular_plus_top50_source,rf_leaf2,62,281,5,7.180773125935314,11.843021218230685,0.48017425907663136,0.6830165821155447,0.41681550607288603,direct,False,,,,
direct_tabular_plus_top20_source_rf_leaf2_raw,tabular_plus_top20_source,rf_leaf2,32,281,5,7.205457930573173,11.878675632615435,0.4770395890896564,0.6803875650358575,0.36078928617448836,direct,False,,,,
direct_tabular_hgb_slow_raw,tabular,hgb_slow,12,281,5,7.546414990637236,11.889882829925002,0.4760523266205765,0.6279765059654511,0.4913430168530926,direct,False,,,,
direct_tabular_plus_top50_source_rf_leaf3_raw,tabular_plus_top50_source,rf_leaf3,62,281,5,7.224875721238363,11.89218650032888,0.4758492767345033,0.6870177070601087,0.3686372674524923,direct,False,,,,
direct_tabular_plus_top10_source_rf_leaf3_raw,tabular_plus_top10_source,rf_leaf3,22,281,5,7.169424469454987,11.894758844294284,0.47562249896377895,0.6815341431491956,0.17653840977467317,direct,False,,,,
direct_tabular_plus_top15_source_rf_leaf3_log1p,tabular_plus_top15_source,rf_leaf3,27,281,5,6.552913354078076,11.901980879823444,0.47498554235548485,0.72599811788121,-1.8928816593124012,direct,True,,,,
direct_tabular_plus_top50_source_rf_leaf2_log1p,tabular_plus_top50_source,rf_leaf2,62,281,5,6.51657873796386,11.902036005650595,0.47498067897626073,0.7209001719867169,-1.7675832477870597,direct,True,,,,
direct_tabular_plus_top30_source_rf_leaf3_raw,tabular_plus_top30_source,rf_leaf3,42,281,5,7.155706073818887,11.907422947126811,0.4745053168790533,0.6808786466051552,0.29177440429233026,direct,False,,,,
direct_tabular_plus_top20_source_rf_leaf3_raw,tabular_plus_top20_source,rf_leaf3,32,281,5,7.1673661284752095,11.917898717716664,0.4735802832566107,0.682833237785157,0.24362241725098352,direct,False,,,,
direct_tabular_hgb_medium_raw,tabular,hgb_medium,12,281,5,7.582246710616564,11.92443727865427,0.47300250160493595,0.6221240900388321,0.4538463641431193,direct,False,,,,
direct_tabular_plus_all_source_et_leaf3_log1p,tabular_plus_all_source,et_leaf3,188,281,5,6.375200207042109,11.924606108134538,0.4729875787466865,0.7304703133619616,-2.0067414389129485,direct,True,,,,
direct_tabular_plus_top10_source_rf_leaf3_log1p,tabular_plus_top10_source,rf_leaf3,22,281,5,6.560265743055902,11.941488224885322,0.47149429953656796,0.7242030741273565,-1.944006209211201,direct,True,,,,
direct_tabular_plus_top30_source_rf_leaf3_log1p,tabular_plus_top30_source,rf_leaf3,42,281,5,6.5391323311023255,11.94759518893849,0.4709535979834564,0.723441032352973,-1.8520304686954236,direct,True,,,,
direct_tabular_plus_top20_source_rf_leaf3_log1p,tabular_plus_top20_source,rf_leaf3,32,281,5,6.563517127394901,11.99229224164874,0.4669877710538627,0.7216833064716761,-1.8430429502947956,direct,True,,,,
direct_tabular_plus_top20_source_hgb_slow_log1p,tabular_plus_top20_source,hgb_slow,32,281,5,6.564038575875363,11.999416151129607,0.4663543210645228,0.6892405542515331,-1.2026529653092508,direct,True,,,,
direct_tabular_plus_top50_source_rf_leaf3_log1p,tabular_plus_top50_source,rf_leaf3,62,281,5,6.5845080360067305,12.096435090971754,0.4576900593038934,0.7219461540957716,-1.8420706882195448,direct,True,,,,
direct_tabular_plus_top10_source_hgb_medium_log1p,tabular_plus_top10_source,hgb_medium,22,281,5,6.612702719328551,12.131934880570354,0.4545023204023778,0.7020119200856688,-1.4238194778283575,direct,True,,,,
direct_tabular_plus_top10_source_hgb_slow_log1p,tabular_plus_top10_source,hgb_slow,22,281,5,6.637468530870569,12.134115669660448,0.4543061897240728,0.695666800073554,-1.4497655082099352,direct,True,,,,
direct_tabular_plus_raw_source_rf_leaf3_raw,tabular_plus_raw_source,rf_leaf3,149,281,5,7.401807732590806,12.171542966106047,0.45093464738618705,0.6685129098205496,0.37486933873145484,direct,False,,,,
direct_tabular_plus_raw_source_rf_leaf2_raw,tabular_plus_raw_source,rf_leaf2,149,281,5,7.382034160462658,12.212627899951821,0.44722166104672545,0.6645972373957533,0.3914213066132616,direct,False,,,,
direct_tabular_plus_raw_source_rf_leaf2_log1p,tabular_plus_raw_source,rf_leaf2,149,281,5,6.598922624888323,12.262403453148696,0.442706511712869,0.7116491254637691,-1.8341485027733198,direct,True,,,,
direct_tabular_plus_all_source_rf_leaf2_log1p,tabular_plus_all_source,rf_leaf2,188,281,5,6.5890361848710715,12.263923219844152,0.4425683644775463,0.7176854265595084,-1.8589864629302506,direct,True,,,,
direct_tabular_plus_top50_source_hgb_medium_log1p,tabular_plus_top50_source,hgb_medium,62,281,5,6.623483834186551,12.265837910689834,0.4423942941500162,0.7090520178693116,-1.357784034658926,direct,True,,,,
direct_tabular_plus_all_source_rf_leaf3_raw,tabular_plus_all_source,rf_leaf3,188,281,5,7.440618637508617,12.267643879925057,0.4422300831287981,0.6580222609222381,0.3411938169902013,direct,False,,,,
direct_top30_source_et_leaf2_raw,top30_source,et_leaf2,30,281,5,7.500618191077693,12.275090884723653,0.44155269535442854,0.6052485337559298,-0.1340153817852163,direct,False,,,,
direct_tabular_plus_top50_source_hgb_slow_log1p,tabular_plus_top50_source,hgb_slow,62,281,5,6.621371353129239,12.290545236630845,0.44014563871984747,0.7045462903871322,-1.358313755505713,direct,True,,,,
direct_top20_source_et_leaf2_raw,top20_source,et_leaf2,20,281,5,7.560743337445473,12.308413079357209,0.43851663676974506,0.5930097252821939,-0.1594626202855322,direct,False,,,,
direct_tabular_plus_raw_source_hgb_slow_raw,tabular_plus_raw_source,hgb_slow,149,281,5,7.79370661911767,12.312077957995648,0.4381822192092023,0.6178828326969463,0.10708847024506779,direct,False,,,,
direct_tabular_plus_raw_source_rf_leaf3_log1p,tabular_plus_raw_source,rf_leaf3,149,281,5,6.6062590655116775,12.315705761950221,0.4378510866334282,0.7149888046382329,-1.8941206756444233,direct,True,,,,
direct_tabular_plus_all_source_rf_leaf2_raw,tabular_plus_all_source,rf_leaf2,188,281,5,7.410496414747276,12.320055828905508,0.43745389993050143,0.6518393925299354,0.341172536279483,direct,False,,,,
direct_top15_source_et_leaf2_raw,top15_source,et_leaf2,15,281,5,7.5143133460954,12.327908220612192,0.4367365752491602,0.6008233290909144,-0.042769165916116424,direct,False,,,,
direct_tabular_plus_raw_source_hgb_medium_raw,tabular_plus_raw_source,hgb_medium,149,281,5,7.841740891070495,12.336298266379975,0.4359696302075272,0.6097880993845254,0.11817909281971488,direct,False,,,,
direct_tabular_plus_raw_source_ridge_log1p,tabular_plus_raw_source,ridge,149,281,5,7.219852527352082,12.361736591482797,0.43364109033427156,0.64560406278056,-1.1639946204165308,direct,True,,,,
direct_tabular_plus_all_source_ridge_log1p,tabular_plus_all_source,ridge,188,281,5,6.9861660026741506,12.36760018626582,0.433103676075115,0.6721084057155836,-1.1954904848051604,direct,True,,,,
direct_top15_source_et_leaf1_raw,top15_source,et_leaf1,15,281,5,7.542857184944759,12.371675881072642,0.43272997752791087,0.5974057266261255,0.16830755902399833,direct,False,,,,
direct_top20_source_et_leaf1_raw,top20_source,et_leaf1,20,281,5,7.579181374244531,12.377340593227602,0.43221037822721264,0.5910713445929543,0.07082169654764535,direct,False,,,,
direct_top30_source_et_leaf1_raw,top30_source,et_leaf1,30,281,5,7.557742933917811,12.432308346721056,0.4271560740685353,0.6063799753519118,0.05853269722322544,direct,False,,,,
direct_tabular_plus_all_source_rf_leaf3_log1p,tabular_plus_all_source,rf_leaf3,188,281,5,6.642496032723803,12.45505728339362,0.425057748867935,0.7161505262360868,-1.9467457989711987,direct,True,,,,
direct_tabular_plus_top15_source_hgb_slow_raw,tabular_plus_top15_source,hgb_slow,27,281,5,7.6924009553648816,12.4651796293789,0.4241228468205892,0.5949583013337083,-0.032915058399452746,direct,False,,,,
direct_top30_source_et_leaf3_raw,top30_source,et_leaf3,30,281,5,7.6440603089881005,12.466588113225937,0.423992698757341,0.5940010963517223,-0.1411733587918884,direct,False,,,,
direct_tabular_plus_top15_source_hgb_medium_raw,tabular_plus_top15_source,hgb_medium,27,281,5,7.696713806802408,12.506076240098382,0.42033789401362565,0.5917889863600471,-0.09956209495857046,direct,False,,,,
direct_tabular_plus_raw_source_hgb_medium_log1p,tabular_plus_raw_source,hgb_medium,149,281,5,6.5739818366469125,12.541313015482244,0.4170668123267316,0.7075333427078712,-1.3029247701030713,direct,True,,,,
direct_tabular_plus_raw_source_et_leaf1_raw,tabular_plus_raw_source,et_leaf1,149,281,5,6.614375319486489,12.552042309712368,0.4160689683090566,0.7063883871107312,-1.540487704220209,direct,False,,,,
direct_top20_source_et_leaf3_raw,top20_source,et_leaf3,20,281,5,7.731227990067864,12.626905695086387,0.4090827876861892,0.577305174411547,-0.13157742985082782,direct,False,,,,
direct_tabular_plus_raw_source_hgb_slow_log1p,tabular_plus_raw_source,hgb_slow,149,281,5,6.604724225868213,12.633787015096429,0.4084385445842905,0.7038907938430917,-1.3235791253365032,direct,True,,,,
direct_top15_source_hgb_medium_log1p,top15_source,hgb_medium,15,281,5,7.276202914489588,12.635248202673862,0.4083017000680905,0.5845865866914491,-1.8197724893809628,direct,True,,,,
direct_tabular_plus_all_source_hgb_medium_log1p,tabular_plus_all_source,hgb_medium,188,281,5,6.768040121767396,12.641180212326919,0.40774598736653567,0.6910967127821824,-1.2568992911628163,direct,True,,,,
direct_top50_source_et_leaf1_raw,top50_source,et_leaf1,50,281,5,7.581361886417517,12.64188715391208,0.4076797434413967,0.620946025293627,0.20156729662873343,direct,False,,,,
direct_tabular_plus_all_source_hgb_slow_log1p,tabular_plus_all_source,hgb_slow,188,281,5,6.762070854299761,12.649929497555346,0.4069258752527496,0.6932335666151066,-1.3138117031657353,direct,True,,,,
direct_tabular_plus_top20_source_hgb_medium_raw,tabular_plus_top20_source,hgb_medium,32,281,5,8.04160171809871,12.675963344931288,0.40448224278996825,0.556529005181235,0.036688404576853566,direct,False,,,,
direct_tabular_plus_top20_source_hgb_slow_raw,tabular_plus_top20_source,hgb_slow,32,281,5,7.994480313364156,12.686338334597497,0.4035070081846934,0.5619730878646604,0.004455837427429844,direct,False,,,,
direct_tabular_plus_all_source_et_leaf1_raw,tabular_plus_all_source,et_leaf1,188,281,5,6.622642152965322,12.74109892756249,0.39834636894707487,0.7134225356683143,-1.7122189286859517,direct,False,,,,
direct_top15_source_et_leaf3_raw,top15_source,et_leaf3,15,281,5,7.689778544930934,12.757342409107222,0.3968113083657405,0.596482498679598,-0.10386769298959883,direct,False,,,,
direct_top15_source_et_leaf1_log1p,top15_source,et_leaf1,15,281,5,7.031814209578414,12.760786293592792,0.39648559906064773,0.6144969840228335,-2.109228332383491,direct,True,,,,
direct_top50_source_et_leaf2_raw,top50_source,et_leaf2,50,281,5,7.582942814877577,12.774794332108524,0.39515986678069326,0.631330300508214,0.05983338729462551,direct,False,,,,
direct_top15_source_hgb_slow_log1p,top15_source,hgb_slow,15,281,5,7.293009093051521,12.779247246227666,0.3947381346570398,0.5902470829345938,-1.907424924612934,direct,True,,,,
direct_top20_source_et_leaf1_log1p,top20_source,et_leaf1,20,281,5,7.136634815133078,12.779654808890761,0.394699527364041,0.6054632422963939,-2.0849839396526613,direct,True,,,,
direct_top50_source_et_leaf3_raw,top50_source,et_leaf3,50,281,5,7.651460821355345,12.791621114530884,0.39356544327811016,0.6192234585052718,-0.02275868237232679,direct,False,,,,
direct_tabular_plus_top30_source_hgb_medium_raw,tabular_plus_top30_source,hgb_medium,42,281,5,8.087518384799859,12.868768690085867,0.3862284470067273,0.6130379993293599,0.19087327532824436,direct,False,,,,
direct_top20_source_et_leaf2_log1p,top20_source,et_leaf2,20,281,5,7.142187441066286,12.87813214343142,0.385334948609681,0.6027633417576652,-2.2087025088201337,direct,True,,,,
direct_top30_source_et_leaf1_log1p,top30_source,et_leaf1,30,281,5,7.04292143616558,12.911928349144029,0.38210457263034825,0.6297996654817257,-2.081119693082441,direct,True,,,,
direct_top15_source_et_leaf2_log1p,top15_source,et_leaf2,15,281,5,7.06605945278794,12.922783580646772,0.38106518994065697,0.6160043203211981,-2.1905696225447318,direct,True,,,,
direct_tabular_plus_top50_source_ridge_log1p,tabular_plus_top50_source,ridge,62,281,5,7.222763539830632,12.926039171071837,0.38075329861408247,0.6334151802615495,-1.737164387593661,direct,True,,,,
direct_top30_source_et_leaf2_log1p,top30_source,et_leaf2,30,281,5,7.015866162460143,12.94124747951065,0.3792952750124814,0.6293572936006092,-2.207090332624122,direct,True,,,,
direct_top50_source_et_leaf1_log1p,top50_source,et_leaf1,50,281,5,6.927612595752832,12.9562856287693,0.37785187882282056,0.650591387519055,-2.115972387003966,direct,True,,,,
direct_tabular_plus_top30_source_hgb_slow_raw,tabular_plus_top30_source,hgb_slow,42,281,5,8.131446516547202,12.960689831987368,0.3774288359000997,0.6125485402762603,0.18860675164603688,direct,False,,,,
direct_tabular_plus_top20_source_ridge_log1p,tabular_plus_top20_source,ridge,32,281,5,7.371403788010888,12.975043498266682,0.37604910578590733,0.6071401529491935,-1.8710696369520616,direct,True,,,,
direct_tabular_plus_top30_source_ridge_log1p,tabular_plus_top30_source,ridge,42,281,5,7.3468218444114815,13.024172652204896,0.3713150616096095,0.6085896007528474,-1.872876351046647,direct,True,,,,
direct_top30_source_hgb_medium_log1p,top30_source,hgb_medium,30,281,5,7.283217328025118,13.047083852353571,0.3691012402757784,0.5433178588740493,-1.9567690704635405,direct,True,,,,
direct_top20_source_hgb_medium_log1p,top20_source,hgb_medium,20,281,5,7.414911499752555,13.057590266264825,0.3680847445687859,0.5553798106430738,-1.856135395381262,direct,True,,,,
direct_top20_source_hgb_slow_log1p,top20_source,hgb_slow,20,281,5,7.392192518000857,13.096571502303657,0.3643061597274594,0.5651512787899202,-1.8712526639521831,direct,True,,,,
direct_tabular_plus_top50_source_hgb_medium_raw,tabular_plus_top50_source,hgb_medium,62,281,5,8.090598540832973,13.101291305779288,0.3638478885476648,0.5947187097751192,0.4173609028611986,direct,False,,,,
direct_top50_source_hgb_medium_log1p,top50_source,hgb_medium,50,281,5,7.538722417023082,13.105639634519083,0.3634255397125383,0.5428083817613948,-1.831202961752181,direct,True,,,,
direct_top50_source_hgb_slow_log1p,top50_source,hgb_slow,50,281,5,7.60326932610487,13.115376474360689,0.36247930187505095,0.5365004926266923,-1.7289965421875129,direct,True,,,,
direct_top50_source_et_leaf2_log1p,top50_source,et_leaf2,50,281,5,6.986086119307244,13.122012088957106,0.3618340421966596,0.6542297282680787,-2.223307491087818,direct,True,,,,
direct_tabular_plus_top50_source_hgb_slow_raw,tabular_plus_top50_source,hgb_slow,62,281,5,8.082518734738859,13.136986396756837,0.3603767129505472,0.6015051541931227,0.414597364801199,direct,False,,,,
direct_top30_source_hgb_slow_log1p,top30_source,hgb_slow,30,281,5,7.346801236103676,13.140230166645903,0.3600608038297327,0.5368953103466899,-1.9725591751875904,direct,True,,,,
direct_raw_source_et_leaf2_raw,raw_source,et_leaf2,137,281,5,7.6877009593448635,13.14939531433881,0.35916779318939485,0.6259915725944684,-0.013608659186245884,direct,False,,,,
direct_tabular_plus_top15_source_ridge_log1p,tabular_plus_top15_source,ridge,27,281,5,7.458437882930156,13.161558604680636,0.35798169557038007,0.6082596891258963,-1.8812710599602762,direct,True,,,,
direct_top30_source_rf_leaf2_raw,top30_source,rf_leaf2,30,281,5,7.88662536120598,13.164042486472162,0.3577393461493529,0.5919302071842004,0.32245251741477754,direct,False,,,,
direct_top30_source_et_leaf3_log1p,top30_source,et_leaf3,30,281,5,7.094863006684471,13.17465848384146,0.35670304036942246,0.621779497607613,-2.344339816484322,direct,True,,,,
direct_top30_source_rf_leaf2_log1p,top30_source,rf_leaf2,30,281,5,7.1455422200330565,13.19291490186429,0.35491894321196016,0.6183899896473866,-2.077496735989903,direct,True,,,,
direct_top20_source_rf_leaf2_log1p,top20_source,rf_leaf2,20,281,5,7.241786681614346,13.231522233565515,0.3511379290969405,0.608510906466213,-2.0718010629734054,direct,True,,,,
direct_tabular_plus_top10_source_hgb_slow_raw,tabular_plus_top10_source,hgb_slow,22,281,5,8.15278363585208,13.248977074540653,0.3494248601890302,0.5538724053261798,-0.06794098942398895,direct,False,,,,
direct_raw_source_hgb_slow_raw,raw_source,hgb_slow,137,281,5,8.295072040875235,13.25606337718939,0.3487287452812874,0.5243011659249561,-0.09363035964616943,direct,False,,,,
direct_tabular_plus_all_source_hgb_slow_raw,tabular_plus_all_source,hgb_slow,188,281,5,8.38435633233647,13.276085667113238,0.34675986667275494,0.5709510108275914,0.21088524517947219,direct,False,,,,
direct_raw_source_hgb_medium_raw,raw_source,hgb_medium,137,281,5,8.350220629857448,13.284804033474922,0.34590162321853923,0.5118227625882629,-0.08225024929847043,direct,False,,,,
direct_top15_source_rf_leaf2_log1p,top15_source,rf_leaf2,15,281,5,7.16820968839969,13.286247671482545,0.3457594558848216,0.6147008827614353,-2.1868420471336436,direct,True,,,,
direct_raw_source_et_leaf3_raw,raw_source,et_leaf3,137,281,5,7.79067882845016,13.287914191097117,0.3455953202905009,0.6163077346245288,-0.021446164409754578,direct,False,,,,
direct_tabular_plus_top10_source_ridge_log1p,tabular_plus_top10_source,ridge,22,281,5,7.550889383347599,13.295482478623578,0.3448496602652845,0.608680461659942,-1.9535891521705717,direct,True,,,,
direct_tabular_ridge_log1p,tabular,ridge,12,281,5,7.456330317470994,13.297072816138975,0.3446929194355841,0.5872205215848737,-2.0613514140930613,direct,True,,,,
direct_tabular_plus_top10_source_hgb_medium_raw,tabular_plus_top10_source,hgb_medium,22,281,5,8.25980179848378,13.313384575258594,0.34308417926854395,0.5480091726249067,-0.10464376073646797,direct,False,,,,
direct_top30_source_rf_leaf3_raw,top30_source,rf_leaf3,30,281,5,7.9661442856616445,13.317601581091001,0.34266795804934835,0.5791132232306596,0.3388554442240806,direct,False,,,,
direct_top20_source_et_leaf3_log1p,top20_source,et_leaf3,20,281,5,7.220897151197724,13.31872657203957,0.3425568984374744,0.5935283967801087,-2.3395124801612006,direct,True,,,,
direct_top15_source_rf_leaf3_raw,top15_source,rf_leaf3,15,281,5,7.896315214465664,13.318901503188993,0.3425396283130251,0.5904109593307024,0.1447700976281275,direct,False,,,,
direct_tabular_plus_all_source_hgb_medium_raw,tabular_plus_all_source,hgb_medium,188,281,5,8.480027910119167,13.327738007161399,0.34166694697238464,0.5625052731776438,0.23391106874926934,direct,False,,,,
direct_top30_source_rf_leaf3_log1p,top30_source,rf_leaf3,30,281,5,7.180490139105136,13.32873083810406,0.34156886014470644,0.6171958261322976,-2.1709036991126727,direct,True,,,,
direct_top50_source_et_leaf3_log1p,top50_source,et_leaf3,50,281,5,7.076955636121388,13.342645388202648,0.3401934020583761,0.6435312497485255,-2.287332676054324,direct,True,,,,
direct_top20_source_rf_leaf2_raw,top20_source,rf_leaf2,20,281,5,7.952737672360549,13.370457044722178,0.3374399092083382,0.5841912281252598,0.2996337219719735,direct,False,,,,
direct_top50_source_rf_leaf2_log1p,top50_source,rf_leaf2,50,281,5,7.163166545624333,13.389506732242074,0.3355505865027606,0.6279408174243437,-2.0641840434812244,direct,True,,,,
direct_top15_source_rf_leaf3_log1p,top15_source,rf_leaf3,15,281,5,7.2172425027675216,13.392794134949428,0.33522427411625455,0.6145894883341212,-2.2504777520700054,direct,True,,,,
direct_tabular_plus_top20_source_ridge_raw,tabular_plus_top20_source,ridge,32,281,5,8.659231679015042,13.412801570569133,0.33323657951716856,0.5411632359463054,0.18164854309465947,direct,False,,,,
direct_top20_source_rf_leaf3_log1p,top20_source,rf_leaf3,20,281,5,7.246719240779853,13.415593884865292,0.3329589332968651,0.6073599972886297,-2.16796904014582,direct,True,,,,
direct_top15_source_rf_leaf2_raw,top15_source,rf_leaf2,15,281,5,7.9119046378431435,13.45025137835932,0.32950804878011564,0.5896581154047135,0.14936356730386388,direct,False,,,,
direct_top20_source_rf_leaf3_raw,top20_source,rf_leaf3,20,281,5,7.98184877929523,13.475117287414143,0.32702663742160365,0.5759990308584041,0.213772712736424,direct,False,,,,
direct_tabular_plus_all_source_ridge_raw,tabular_plus_all_source,ridge,188,281,5,8.922661092394264,13.484341692767872,0.32610495284892016,0.5722228321685398,0.663180486967847,direct,False,,,,
direct_top15_source_et_leaf3_log1p,top15_source,et_leaf3,15,281,5,7.261928324200886,13.485344604612711,0.32600470584032903,0.604277714841689,-2.360958792900181,direct,True,,,,
direct_tabular_plus_top30_source_ridge_raw,tabular_plus_top30_source,ridge,42,281,5,8.703597202296423,13.512319532739895,0.323305604114168,0.5406067128903502,0.18959475873968346,direct,False,,,,
direct_tabular_plus_top50_source_ridge_raw,tabular_plus_top50_source,ridge,62,281,5,8.891398906681964,13.554509380764674,0.3190732879282504,0.5463634003612802,0.1912212171437131,direct,False,,,,
direct_top50_source_rf_leaf3_log1p,top50_source,rf_leaf3,50,281,5,7.225219601998801,13.559277263638858,0.3185941632738677,0.6279781358115764,-2.1734267956751565,direct,True,,,,
direct_tabular_plus_top15_source_ridge_raw,tabular_plus_top15_source,ridge,27,281,5,8.643818696821485,13.560212373606317,0.3185001742877044,0.5455072526474055,0.17842420729714928,direct,False,,,,
direct_top50_source_rf_leaf3_raw,top50_source,rf_leaf3,50,281,5,8.055546450785165,13.57321974052886,0.31719211662552027,0.5805870291032535,0.3992690462333661,direct,False,,,,
direct_tabular_plus_raw_source_ridge_raw,tabular_plus_raw_source,ridge,149,281,5,9.099261246050164,13.57943616929689,0.3165665320327208,0.5577292411927537,0.698446392129921,direct,False,,,,
direct_top15_source_hgb_medium_raw,top15_source,hgb_medium,15,281,5,8.391204979266853,13.585232880648448,0.3159829272262953,0.49655359290199685,-0.5763741606986749,direct,False,,,,
direct_top10_source_et_leaf2_raw,top10_source,et_leaf2,10,281,5,8.134071417993152,13.596934479515213,0.3148040677065984,0.5306513348206104,-0.08147439467591093,direct,False,,,,
direct_top15_source_hgb_slow_raw,top15_source,hgb_slow,15,281,5,8.38149811940879,13.616771661435354,0.31280328265733814,0.501113467144874,-0.5616911008454427,direct,False,,,,
direct_top50_source_rf_leaf2_raw,top50_source,rf_leaf2,50,281,5,8.05908664429515,13.622159020204679,0.3122594081295984,0.580880708585389,0.4003272775065939,direct,False,,,,
direct_tabular_plus_top10_source_ridge_raw,tabular_plus_top10_source,ridge,22,281,5,8.793457464228585,13.623162899125283,0.3121580389234889,0.5498491059935747,0.1629245970539857,direct,False,,,,
direct_tabular_ridge_raw,tabular,ridge,12,281,5,8.698223461223074,13.631940683839783,0.31127136174942394,0.5444764140228665,0.13487082851227308,direct,False,,,,
direct_top10_source_et_leaf1_raw,top10_source,et_leaf1,10,281,5,8.114739001657291,13.68907810380223,0.30548573673184276,0.5367417955511041,0.2756156613393207,direct,False,,,,
direct_top10_source_rf_leaf2_log1p,top10_source,rf_leaf2,10,281,5,7.448138700897714,13.764570449709733,0.29780441850951656,0.5456960329948526,-2.244294356170183,direct,True,,,,
direct_top10_source_hgb_medium_log1p,top10_source,hgb_medium,10,281,5,7.787906232586922,13.796537050451425,0.29453909745713913,0.5005796519535896,-2.035377513595279,direct,True,,,,
direct_raw_source_et_leaf2_log1p,raw_source,et_leaf2,137,281,5,7.192902556142466,13.836583161797874,0.29043778324086433,0.6527585552792085,-2.354545589920101,direct,True,,,,
direct_top10_source_et_leaf3_raw,top10_source,et_leaf3,10,281,5,8.245777554503745,13.844551633161533,0.2896202758778056,0.5109849918371993,-0.13709413838050713,direct,False,,,,
direct_top10_source_hgb_slow_log1p,top10_source,hgb_slow,10,281,5,7.807211061763364,13.866303561946205,0.28738628976982294,0.49874239744012094,-2.0692285016654175,direct,True,,,,
direct_top10_source_et_leaf1_log1p,top10_source,et_leaf1,10,281,5,7.5750075309438945,13.879034002370974,0.2860772097077543,0.5400095838233394,-2.0580114746735014,direct,True,,,,
direct_top10_source_rf_leaf3_log1p,top10_source,rf_leaf3,10,281,5,7.499258881293697,13.905416373194658,0.2833604677069541,0.5423973386556437,-2.3550975276352006,direct,True,,,,
direct_raw_source_hgb_medium_log1p,raw_source,hgb_medium,137,281,5,7.877612976055485,13.924071952145262,0.28143628317439395,0.5515938873006305,-1.8976890535688773,direct,True,,,,
direct_raw_source_rf_leaf2_log1p,raw_source,rf_leaf2,137,281,5,7.34999829215852,13.928374733712726,0.28099211706550586,0.6240883374190305,-2.1886977444365945,direct,True,,,,
direct_top10_source_rf_leaf3_raw,top10_source,rf_leaf3,10,281,5,8.217153611145445,13.929943319672734,0.2808301614606896,0.5312861944917642,0.006883855223706343,direct,False,,,,
direct_raw_source_hgb_slow_log1p,raw_source,hgb_slow,137,281,5,7.8802545613169,13.956442768825436,0.2780913518150687,0.5513732220543852,-1.924703560335924,direct,True,,,,
direct_top20_source_hgb_slow_raw,top20_source,hgb_slow,20,281,5,8.787936517732415,13.994224140190628,0.27417751549768543,0.4223333271094877,-0.44901278789191534,direct,False,,,,
direct_top20_source_hgb_medium_raw,top20_source,hgb_medium,20,281,5,8.837394720952153,14.001468374526377,0.2734258640958389,0.41265883651393387,-0.45270083143936174,direct,False,,,,
direct_raw_source_rf_leaf3_raw,raw_source,rf_leaf3,137,281,5,8.19811718003797,14.003139254736363,0.27325244074474697,0.571557640378745,0.37673451586512124,direct,False,,,,
direct_top50_source_hgb_slow_raw,top50_source,hgb_slow,50,281,5,8.683995026786056,14.017675397101637,0.2717428379482508,0.46668914788441995,0.07861779238156541,direct,False,,,,
direct_top10_source_rf_leaf2_raw,top10_source,rf_leaf2,10,281,5,8.182819598422851,14.018875177126095,0.2716181688054392,0.5381680050303965,0.043557622360025916,direct,False,,,,
direct_raw_source_et_leaf3_log1p,raw_source,et_leaf3,137,281,5,7.275119084112601,14.030471942245034,0.2704125989378011,0.6456356205646537,-2.396686932205209,direct,True,,,,
direct_top10_source_et_leaf2_log1p,top10_source,et_leaf2,10,281,5,7.626815833881263,14.03106291794389,0.27035113592977267,0.5284446853418419,-2.2458997684114403,direct,True,,,,
direct_raw_source_rf_leaf3_log1p,raw_source,rf_leaf3,137,281,5,7.3686141211041125,14.050736855652334,0.26830351765487004,0.6303383475603662,-2.2815893202609545,direct,True,,,,
direct_raw_source_rf_leaf2_raw,raw_source,rf_leaf2,137,281,5,8.2605636882723,14.069280830252065,0.2663708766944032,0.557319883631543,0.3927771360598579,direct,False,,,,
direct_top50_source_hgb_medium_raw,top50_source,hgb_medium,50,281,5,8.746075766575649,14.07404340489446,0.26587411287678675,0.45731033407280414,0.17019654339718326,direct,False,,,,
direct_top30_source_hgb_slow_raw,top30_source,hgb_slow,30,281,5,8.75193450936939,14.27546803616036,0.24471044572058653,0.44592444004350157,-0.3404165637748979,direct,False,,,,
direct_top30_source_hgb_medium_raw,top30_source,hgb_medium,30,281,5,8.775347185236917,14.312149008677373,0.24082400933197168,0.4535498305013743,-0.3318075134870607,direct,False,,,,
direct_top10_source_hgb_medium_raw,top10_source,hgb_medium,10,281,5,8.965212651896682,14.342944441232044,0.23755345849432408,0.3913260169835503,-0.48368980367158815,direct,False,,,,
direct_top10_source_hgb_slow_raw,top10_source,hgb_slow,10,281,5,8.913155099692213,14.358444213694565,0.23590468499319062,0.3907229734797182,-0.524944121117371,direct,False,,,,
direct_top10_source_et_leaf3_log1p,top10_source,et_leaf3,10,281,5,7.776682497261277,14.374540582374024,0.23419056421112083,0.5131581118357618,-2.4479104499553763,direct,True,,,,
direct_raw_source_ridge_log1p,raw_source,ridge,137,281,5,8.152527618202452,14.71698689678943,0.19726800565847147,0.5454283144919138,-1.4602731661202353,direct,True,,,,
direct_raw_source_et_leaf1_log1p,raw_source,et_leaf1,137,281,5,7.234087773401566,14.846002135656878,0.18313214942573686,0.6531533724653608,-3.0395202101387384,direct,True,,,,
direct_top20_source_ridge_raw,top20_source,ridge,20,281,5,9.553797959400427,14.856701803833051,0.18195427481047677,0.3519143495767304,0.05063261149460797,direct,False,,,,
direct_top50_source_ridge_log1p,top50_source,ridge,50,281,5,8.183663738649765,15.000268632983728,0.1660676143666432,0.4909419202665238,-2.2798855192237717,direct,True,,,,
direct_top20_source_ridge_log1p,top20_source,ridge,20,281,5,8.306897949025837,15.02115039684228,0.16374417596517965,0.42890965017648164,-2.501227457373377,direct,True,,,,
direct_top30_source_ridge_raw,top30_source,ridge,30,281,5,9.653856483806301,15.028527339046494,0.16292259765316086,0.3427816331310226,0.06954062350328769,direct,False,,,,
direct_top50_source_ridge_raw,top50_source,ridge,50,281,5,9.699977895984182,15.068287210420493,0.15848755021487193,0.3865063366444345,0.15764570475764106,direct,False,,,,
direct_top10_source_ridge_raw,top10_source,ridge,10,281,5,9.426244500831555,15.082592380511617,0.15688900185646282,0.3594358873956607,-0.0003680196077770641,direct,False,,,,
direct_top30_source_ridge_log1p,top30_source,ridge,30,281,5,8.269179162671414,15.083059105803368,0.15683682152763945,0.42444280751835667,-2.4648382151206314,direct,True,,,,
direct_top15_source_ridge_raw,top15_source,ridge,15,281,5,9.486679282476832,15.160780940415796,0.1481249243198569,0.3489899981719014,0.07517330097303372,direct,False,,,,
direct_raw_source_ridge_raw,raw_source,ridge,137,281,5,10.01274263614087,15.240175922843108,0.13917925013252164,0.4384529723286257,0.7782258856468818,direct,False,,,,
direct_top10_source_ridge_log1p,top10_source,ridge,10,281,5,8.423670827022494,15.342015637886163,0.12763625410300794,0.41617328042757895,-2.58661854484888,direct,True,,,,
direct_top15_source_ridge_log1p,top15_source,ridge,15,281,5,8.456913363474763,15.363719943845945,0.12516624715352764,0.4211306699183617,-2.5404384700528726,direct,True,,,,
direct_raw_source_et_leaf1_raw,raw_source,et_leaf1,137,281,5,7.479318860162208,15.57675508131718,0.1007369493174215,0.5946685077506234,-2.8369532358934713,direct,False,,,,
