epoch,train_loss,val_avg_RMSE,val_avg_R2,test_avg_RMSE,test_avg_R2,val_PM2.5_RMSE,val_PM2.5_R2,test_PM2.5_RMSE,test_PM2.5_R2,test_PM2.5_Spearman,val_PM10_RMSE,val_PM10_R2,test_PM10_RMSE,test_PM10_R2,test_PM10_Spearman,val_AQI_RMSE,val_AQI_R2,test_AQI_RMSE,test_AQI_R2,test_AQI_Spearman
1,0.029426292170852218,67.47893306841691,0.3777550260225932,68.06055270617189,0.38450560967127484,40.090317041747284,0.24173957109451294,39.7607069650349,0.25861024856567383,0.45846660421506363,77.04198391238539,0.5211286544799805,78.51415266032456,0.5237534046173096,0.6026875034134987,85.30449825111803,0.37039685249328613,85.90679849315623,0.37115317583084106,0.5187795262079824
2,0.014252501658505397,50.81692420848623,0.6339796582857767,51.392602797456014,0.6350875695546468,31.750251829094797,0.5244088172912598,31.642457508662314,0.5304533243179321,0.6168788931119441,53.22966481950525,0.7714025378227234,54.09896033904556,0.7738931179046631,0.7303630019084448,67.47085597685863,0.6061276197433472,68.43639054466016,0.6009162664413452,0.6857954802892748
3,0.009806643730661032,44.440062626833736,0.7197903196016947,44.09256342837108,0.731732189655304,27.953282210290173,0.6313577890396118,27.200348302069706,0.6530337333679199,0.6775680982043792,47.40274016753278,0.8187112808227539,47.08919032753828,0.8286916613578796,0.7648648444834832,57.96416550267825,0.7093018889427185,57.98815165550524,0.7134711742401123,0.7397731418537692
4,0.0074215036197349095,37.859704621539464,0.7940574884414673,38.0853547572278,0.7993860046068827,24.242555085031388,0.722734272480011,23.55716327163035,0.7397538423538208,0.7182255008409645,39.59401360162843,0.8735196590423584,40.43381998807588,0.8736935257911682,0.794086932997405,49.742545177958576,0.7859185338020325,50.265081011977145,0.7847106456756592,0.77535785235159
5,0.005866026247149452,36.30518868386189,0.8127333919207255,35.851899746360445,0.8247119188308716,22.832026906008995,0.7540604472160339,21.672899415901806,0.7797213196754456,0.7497720438434654,38.31873961476372,0.8815360069274902,38.61162762803373,0.8848212957382202,0.8127568517758185,47.76479953081296,0.8026037216186523,47.271172195145795,0.809593141078949,0.801257779276285
6,0.004999639434345618,34.40715312774774,0.8265558282534281,34.86335678538786,0.8266528050104777,22.7524238385132,0.7557723522186279,22.682152488331134,0.75872802734375,0.7666360883846112,35.766957776063194,0.8967885375022888,36.42796596162847,0.8974806666374207,0.8222718980855537,44.70207776866683,0.8271065950393677,45.47995190620396,0.8237497210502625,0.8123430196476293
7,0.004493351287381618,32.323349698024465,0.8513091405232748,32.26815140837352,0.8548657099405924,20.54240014841065,0.8009135127067566,20.350291616988795,0.8057863712310791,0.788198357948148,35.22833408580283,0.8998737335205078,34.92739225152928,0.9057528376579285,0.8385464204797335,41.199314859859925,0.8531401753425598,41.5267703566025,0.8530579209327698,0.8324131493523323
8,0.003976405736278557,29.895385768599827,0.8734813531239828,30.13218577756226,0.8742963075637817,18.816240414076148,0.8329659104347229,18.77220039879449,0.834739625453949,0.8129119082559286,32.55558647816838,0.9144904017448425,32.612863672991445,0.9178298711776733,0.8500577997891707,38.314330413554956,0.8729877471923828,39.01149326090085,0.8703194260597229,0.8480176761931273
9,0.0037216200371450792,29.609145062786848,0.8750496308008829,30.352758720432735,0.87201060851415,18.802050961566085,0.8332177400588989,18.966506347693805,0.8313007950782776,0.8186004051875783,31.76029356852033,0.9186171293258667,32.442683458076296,0.9186851978302002,0.8689361198787484,38.265090658274126,0.8733140230178833,39.649086355528105,0.8660458326339722,0.8575367804041368
10,0.0034277663582602514,28.332082191860525,0.8856174548467001,28.428554755670543,0.8885840773582458,18.00364563369085,0.8470814228057861,17.604803539546122,0.8546547889709473,0.8392014289774586,30.531980663915643,0.9247903227806091,30.992961453658616,0.9257900714874268,0.87190375169546,36.46062027797508,0.8849806189537048,36.68789927380689,0.8853073716163635,0.870262260780938
11,0.0031881779109700077,27.818580808901288,0.8901558121045431,28.29931380046344,0.8892423709233602,17.606049001004774,0.8537609577178955,17.646485131606237,0.8539657592773438,0.8443356138249392,30.397548014485785,0.9254511594772339,30.989293372242898,0.9258075952529907,0.8680238113227535,35.4521454112133,0.8912553191184998,36.26216289754119,0.8879537582397461,0.871738646890252
12,0.0028993084344679488,26.857765705968777,0.8977336287498474,27.32495690976849,0.8976616263389587,16.94691436498517,0.8645057678222656,16.76187942346086,0.8682399392127991,0.8559041032313719,29.22318231756468,0.9311000108718872,29.95069291932419,0.9306973814964294,0.8818716157914269,34.40320043535648,0.8975951075553894,35.26229838652041,0.8940475583076477,0.8802860316952975
13,0.002760611712153546,28.542996862628826,0.8857003847757975,29.0359779854287,0.886160135269165,17.6575030667074,0.8529049754142761,17.326802319334092,0.859208881855011,0.8606158078983573,30.996033445514747,0.9224867224693298,32.00809567088555,0.9208491444587708,0.88678316330584,36.97545407566434,0.8817094564437866,37.77303596606646,0.8784223794937134,0.8854800797725053
14,0.002515758038999388,24.930951332045634,0.9127897222836813,25.424745094420445,0.9112382531166077,15.549462920600847,0.8859302997589111,15.71724916729129,0.8841512203216553,0.8711058231106785,28.17384863788248,0.9359592795372009,28.38975000371503,0.9377328157424927,0.8914493755521906,31.06954243765357,0.9164795875549316,32.167236112255004,0.911830723285675,0.8930213846387871
15,0.0024270719572863256,25.836711405805982,0.9063672025998434,26.502366271660176,0.9041429956754049,16.020466112840047,0.8789151906967163,16.130443038768437,0.8779799938201904,0.8691001151784956,28.39461051414511,0.9349517226219177,29.08727732443237,0.9346354603767395,0.899568411998549,33.09505759043278,0.905234694480896,34.28937845177971,0.8998135328292847,0.8929824080474895
16,0.002278986178970096,24.562831650693152,0.9160089691480001,25.208532612711895,0.9135621984799703,15.096512630522177,0.8924791812896729,15.316123315736641,0.8899890184402466,0.8788877299050579,27.7240572797486,0.937987744808197,28.189294998971906,0.9386090636253357,0.8941332246540836,30.867925041808668,0.9175599813461304,32.12017952342713,0.9120885133743286,0.8985148711515399
17,0.002163581035769963,23.900412332381904,0.9187304377555847,25.089113300018056,0.9125664631525675,15.256516862072264,0.8901879191398621,15.81653986653242,0.8826829195022583,0.883125298624004,26.783275977189806,0.9421249628067017,27.87781678067763,0.9399582147598267,0.8984217047138825,29.661444157883647,0.9238784313201904,31.572983252844114,0.9150582551956177,0.9008415025785939
18,0.002087673890382763,24.16073782514121,0.9177312056223551,25.17429589101076,0.9126338164011637,15.123896787148487,0.8920887112617493,15.617574407413391,0.8856159448623657,0.8911592389602507,26.645126544167276,0.9427204728126526,27.652247459307556,0.9409259557723999,0.9099074006581428,30.713190144107873,0.9183844327926636,32.25306580631134,0.9113595485687256,0.9075329077277637
19,0.0019828114627937427,23.693215550614457,0.9213433464368185,24.966721649396078,0.9155455231666565,14.691132051748568,0.8981760740280151,15.041225493804312,0.893902599811554,0.8921954619519926,26.28820926364256,0.9442447423934937,27.815144273876463,0.9402278661727905,0.9183786770766301,30.10030533645226,0.9216092228889465,32.04379518050745,0.912506103515625,0.9106071432450591
20,0.0018662848892956716,23.366868963006194,0.92217489083608,24.16436343144396,0.9195402264595032,14.953694905708348,0.8945038914680481,15.026711141480433,0.8941072225570679,0.8955772748126171,26.076298196575348,0.94514000415802,26.927671405167725,0.9439812302589417,0.9151770787821828,29.070613786734878,0.9268807768821716,30.538707747683716,0.9205322265625,0.9118746964282385
21,0.0018059434271024831,23.861563843019486,0.9193619688351949,25.082856060981783,0.9128529032071432,15.058034907756163,0.8930265307426453,15.70066639646129,0.8843955397605896,0.8956624955922808,26.215035540294547,0.9445546865463257,27.587481813895796,0.9412023425102234,0.9103592195771475,30.311621081007754,0.9205046892166138,31.960419972588262,0.9129608273506165,0.9091987647052113
22,0.0017701871519813733,22.898654951328457,0.9267039100329081,23.85081562727944,0.9226040045420328,14.136939480005145,0.9057133197784424,14.48396519613101,0.9016185402870178,0.9039928029642053,25.4151708277384,0.9478865265846252,26.56314107682274,0.9454876780509949,0.9231154444789469,29.14385454624182,0.9265118837356567,30.505340608884577,0.9207057952880859,0.9201268364001977
23,0.0017186873061454209,22.29027717850443,0.9301752050717672,22.725902249926076,0.929386556148529,13.907695017970829,0.9087464809417725,13.940832175943175,0.908858597278595,0.9027186114798562,24.82973390987419,0.9502597451210022,25.401518096012122,0.9501511454582214,0.9201746527228866,28.133402607668277,0.9315193891525269,28.835356477822934,0.9291499257087708,0.9187992018670479
24,0.0016441356698083155,22.679812242152078,0.9297484954198202,22.564424515321495,0.9305497805277506,13.480920377830234,0.914260983467102,13.792816083479664,0.9107837080955505,0.9056611245329484,26.123614552827245,0.9449407458305359,25.31800793662302,0.9504783749580383,0.9131030328634068,28.434901795798748,0.9300437569618225,28.5824495258618,0.9303872585296631,0.9177401218533617
25,0.0016161850196743791,22.00779893273237,0.9324295918146769,22.903664574065772,0.92900151014328,13.573077177717131,0.9130847454071045,13.816687316020142,0.9104745984077454,0.9088971895307142,24.767308203841257,0.9505095481872559,25.88706622531619,0.9482272267341614,0.9247869971714632,27.683011416638724,0.9336944818496704,29.00724018086099,0.9283027052879333,0.9239766795293896
26,0.001541513232406062,22.248302969445025,0.9321901996930441,22.979213852709886,0.928123931090037,13.290276114851203,0.9166688323020935,14.017742358528285,0.9078501462936401,0.9068833611242099,25.468043030832042,0.947669506072998,26.014659563542846,0.9477155804634094,0.9190866543302693,27.98658976265184,0.9322322607040405,28.905239636058525,0.9288060665130615,0.921266364622556
27,0.0014701461822809187,20.990265355413737,0.9383453329404196,22.141146542392068,0.9322481354077657,13.0197832258845,0.9200263619422913,13.832452094875704,0.9102702140808105,0.9119754728137687,23.6311363041929,0.9549460411071777,24.58799914894332,0.953292965888977,0.9257387425055265,26.31987653616381,0.9400635957717896,28.002988383357184,0.9331812262535095,0.9263886869548471
28,0.001454324603382107,20.936239028129265,0.9387080669403076,22.301524384640924,0.9315170844395956,12.986393189837381,0.9204360246658325,13.864337295118455,0.9098560214042664,0.9173127371446638,23.76586897885942,0.9544308185577393,24.975327180508316,0.951809823513031,0.9314694881778669,26.056454915690995,0.9412573575973511,28.064908678295993,0.9328854084014893,0.9302469230714736
29,0.001384579176812556,21.27868453639809,0.9368749856948853,22.327658955280185,0.9312149286270142,13.104837680409583,0.9189780354499817,13.915361415543446,0.9091913104057312,0.9151928806479029,23.925384244155175,0.9538170099258423,24.858499699785156,0.9522596001625061,0.9258134105832725,26.805831684629513,0.9378299117088318,28.20911575051195,0.9321938753128052,0.9285876830029072
30,0.0013582715028279786,21.521555952150894,0.9364884495735168,22.247586801766747,0.933645228544871,12.862163774342473,0.9219509959220886,13.196171662008764,0.9183353185653687,0.9192430311922649,24.455381285682808,0.951748251914978,25.342239955784542,0.9503835439682007,0.928610643462256,27.2471227964274,0.9357661008834839,28.204348787506934,0.9322168231010437,0.9323245780607768
31,0.001320921568073358,22.54169915530889,0.9306199351946512,23.14566810381236,0.9272716641426086,13.324170651848103,0.9162432551383972,13.990912621638666,0.908202588558197,0.921481033549946,25.32992985935191,0.9482355117797852,25.73282265164655,0.9488423466682434,0.9349211474652921,28.970996954726658,0.9273810386657715,29.713269038151857,0.9247700572013855,0.9342431669636855
32,0.0012906929003170943,21.31503541413898,0.9380431373914083,22.313330099825446,0.9324307839075724,12.617920958751052,0.9248870015144348,13.53808139387367,0.9140486717224121,0.9223718860267458,24.414041249990753,0.9519112706184387,25.284818003781933,0.9506081342697144,0.9330445183290528,26.913144033675138,0.9373311400413513,28.117090901820728,0.9326355457305908,0.9363628321040605
33,0.0012912051789278226,20.529536771122043,0.941985011100769,21.40464283581996,0.9372917612393697,12.371572308789274,0.9277913570404053,13.179593721880357,0.918540358543396,0.9242553813345198,23.412714759342705,0.9557750225067139,24.12619410904878,0.9550309777259827,0.9327262354461592,25.804323245234144,0.942388653755188,26.90814067653075,0.9383039474487305,0.936831793871389
34,0.001224231650762696,21.342309000108838,0.9373311599095663,22.021729621780537,0.9336175918579102,12.768779612323408,0.9230802059173584,13.498869106820983,0.9145458340644836,0.9216037541126906,23.636041876463526,0.9549273252487183,24.307219964093232,0.9543535709381104,0.9384590282346541,27.622105511539576,0.9339859485626221,28.259099794427392,0.9319533705711365,0.9372902753784593
35,0.001225090963648161,20.06281927156708,0.9448774059613546,20.58975106122698,0.9419865210851034,11.979823634611916,0.9322919845581055,12.678814400200302,0.9246131181716919,0.9315278348852336,23.00288174032495,0.9573097825050354,23.256851991419243,0.9582133293151855,0.938389461436653,25.20575243976437,0.9450304508209229,25.83358679206139,0.9431331157684326,0.9411564828685753
36,0.0011917634656942945,20.582389769457652,0.9420042236646017,21.580227801261177,0.9368690649668375,12.22887358349467,0.9294475317001343,13.00124118455108,0.9207301735877991,0.9296598804027141,23.102526822957458,0.9569391012191772,23.94536475320563,0.955702543258667,0.9394040494811691,26.415768901920828,0.9396260380744934,27.794077466026824,0.9341744780540466,0.9425522345709646
37,0.0011424535398352283,19.91771776115029,0.9447617332140604,20.963272749754257,0.9394508997599283,12.217667865884009,0.9295767545700073,13.015894050152863,0.9205513596534729,0.9294534652106445,22.209364227167782,0.9602043032646179,23.211079497209543,0.9583776593208313,0.9396007828536221,25.32612119039908,0.9445041418075562,26.66284470190036,0.939423680305481,0.940835761325321
38,0.00111276421144127,19.442742141203812,0.9473772446314493,20.89884294843571,0.9402470787366232,11.94992617021682,0.9326294660568237,12.844975990757048,0.9226242303848267,0.932787184199976,21.957028817714686,0.9611034393310547,23.444845203190454,0.9575350284576416,0.9403137486474356,24.421271435679927,0.9483988285064697,26.406707651359625,0.9405819773674011,0.944009939245073
39,0.0010973634318530354,20.567785256779363,0.94270787636439,21.093221123746925,0.9402825236320496,11.993422931069997,0.9321381449699402,12.544180954931978,0.9262056946754456,0.9345686638892585,23.469951492213934,0.9555585384368896,24.05784248756006,0.9552854299545288,0.9422388214008345,26.239981347054155,0.9404269456863403,26.677639928748732,0.9393564462661743,0.9462294933021059
40,0.0010711588395283383,20.04823438590523,0.9448779424031576,21.08522124822537,0.9392067790031433,11.988257703015323,0.9321966171264648,12.972620375025674,0.9210788011550903,0.9336489743275393,22.809265074574135,0.9580253958702087,23.878798577071983,0.9559484720230103,0.9439925701514708,25.347180380126233,0.9444118142127991,26.40424479257845,0.9405930638313293,0.94537952211344
41,0.001084909559665937,19.784439111903406,0.9466516574223837,20.86938492931582,0.9413116772969564,11.719709596128144,0.9352002739906311,12.521489706411671,0.9264724254608154,0.933450049901982,22.88876112292204,0.9577323198318481,23.93179420615557,0.9557527303695679,0.9395437301586813,24.744846616660027,0.9470223784446716,26.15487087538022,0.9417098760604858,0.9444786161702197
42,0.0010553042543310633,20.02633792796189,0.9459461172421774,20.55162564981637,0.9433500170707703,11.58466651617627,0.9366850256919861,12.223029516511994,0.9299358129501343,0.9371529151749566,23.09996533411901,0.9569486975669861,23.60303004581721,0.9569600820541382,0.9419528699228443,25.3943819335904,0.9442046284675598,25.828817387119905,0.9431541562080383,0.9467101822620824
43,0.0010312414784108652,20.357711985819524,0.943551242351532,21.082832498012774,0.9389716982841492,12.023732559123241,0.9317947030067444,13.043769512518347,0.9202107191085815,0.9347209548692991,23.33705821505385,0.9560604095458984,23.65210343860166,0.9567809104919434,0.9423200489055751,25.71234518328149,0.9427986145019531,26.552624542918306,0.9399234652519226,0.9458015972021739
44,0.0010235231246405704,19.51664770447046,0.9476224978764852,20.269663490786503,0.9435523549715678,11.736789500677054,0.9350112676620483,12.558971611733819,0.9260315299034119,0.9394749439674748,22.250304487909542,0.9600574374198914,22.77233997140912,0.959936261177063,0.9436146537047523,24.562849124824798,0.9477987885475159,25.477678889216563,0.9446892738342285,0.9490490844543001
45,0.000988800107433722,20.124437010536926,0.9455106655756632,20.515122629956903,0.9429002205530802,11.619292796374943,0.9363059401512146,12.46093198961477,0.9271818995475769,0.9380497454554978,23.434907408690698,0.9556911587715149,23.44445599901699,0.9575364589691162,0.9418948049924034,25.319110826545135,0.9445348978042603,25.639979901238952,0.9439823031425476,0.9480134325567655
46,0.0009813757054567844,19.779284901674686,0.9457265138626099,20.97186205579234,0.939784566561381,12.079878389870592,0.9311562180519104,12.903836742827572,0.9219135046005249,0.9401891930764438,22.354351041755763,0.9596830010414124,23.49648696938212,0.9573477506637573,0.9444364641427359,24.903625273397697,0.9463403224945068,26.51526245516733,0.9400924444198608,0.950295176417341
47,0.0009695238079823612,19.2517046544027,0.9492748975753784,21.336892849871052,0.9382944703102112,11.449919081489451,0.9381493330001831,12.909390342258192,0.9218462705612183,0.9397098772735862,21.76436026924953,0.9617830514907837,24.13731394162172,0.954989492893219,0.9477419879143668,24.540834612469123,0.9478923082351685,26.96397426573325,0.9380476474761963,0.9496465256300024
48,0.000948430836213137,18.96613968343073,0.9507381319999695,20.210560901014375,0.9447630047798157,11.300312368751037,0.9397550821304321,12.197143495435403,0.9302322864532471,0.9445627158934469,21.49717729358431,0.9627156257629395,23.063720009227968,0.9589044451713562,0.9476670336625964,24.100929387956832,0.9497436881065369,25.37081919837976,0.9451522827148438,0.9542272981628043
49,0.0009397443364596351,19.48252249813042,0.9479202230771383,20.8643994134868,0.9416806896527609,11.638060093891225,0.9361000061035156,12.367083242414303,0.9282746315002441,0.9389709905785348,21.95273506659926,0.9611186385154724,23.841649594168054,0.9560854434967041,0.9448578006423756,24.856772333900775,0.9465420246124268,26.384465403878046,0.9406819939613342,0.950344795725792
50,0.0009482647672519183,19.373904031330422,0.9480495850245158,20.72552371947808,0.9416383902231852,11.726343243078475,0.9351269006729126,12.562455058610533,0.9259905219078064,0.9360311995854693,21.42957926968659,0.9629497528076172,23.155270780999437,0.958577573299408,0.9488615560113187,24.965789581226197,0.9460721015930176,26.458845318824267,0.9403470754623413,0.9487865238554509
