target,split,n,mean,std,min,max
target_PM2.5,test,3873,64.78421162408691,43.49865219415809,15.3290870017516,291.4055903
target_PM2.5,train,18461,63.85080262936866,43.95556877457818,12.9166278757516,325.4296973
target_PM2.5,val,3744,80.15893036083031,58.41827941312724,14.9844499837516,400.863042625652
target_PM10,test,3873,124.31971850455645,99.54945183490149,39.316,639.595672291291
target_PM10,train,18461,124.45818927291195,115.75563936311634,32.1766,669.851249805557
target_PM10,val,3744,131.6228457472388,110.52340059847563,38.0446,669.1420885
target_aqi,test,3873,139.9611000496572,103.07514968797346,49.32666667,597.87889664803
target_aqi,train,18461,138.9905002191401,107.1154707044868,36.545,599.947116239114
target_aqi,val,3744,165.77580646580307,116.51954043234684,47.45833333,593.4469342
