cv_fold,model,split,R2,RMSE,MAE,train_rows,val_rows,test_rows,n_raw_features,n_processed_features,train_PM2.5_mean,val_PM2.5_mean,test_PM2.5_mean
1,train_mean_baseline,val,-0.06008428991022785,44.558316425971846,37.303613661274454,14079,5724,6875,111,113,65.7325553090448,55.12442024692804,77.830864307824
1,train_mean_baseline,test,-0.053929154468174145,53.48334680111478,33.56333640154416,14079,5724,6875,111,113,65.7325553090448,55.12442024692804,77.830864307824
1,ridge,val,-28.514683375177622,235.1135388177216,195.31528582068208,14079,5724,6875,111,113,65.7325553090448,55.12442024692804,77.830864307824
1,ridge,test,-0.23573039367796644,57.91282243104725,37.8655066909398,14079,5724,6875,111,113,65.7325553090448,55.12442024692804,77.830864307824
1,random_forest,val,-2.8959564398755933,85.4211905863592,70.45581747622394,14079,5724,6875,111,113,65.7325553090448,55.12442024692804,77.830864307824
1,random_forest,test,-0.23461445679663329,57.88666719043867,33.574717699275794,14079,5724,6875,111,113,65.7325553090448,55.12442024692804,77.830864307824
1,extra_trees,val,-2.588158267568831,81.977443289435,68.49395939512321,14079,5724,6875,111,113,65.7325553090448,55.12442024692804,77.830864307824
1,extra_trees,test,-0.32035963810485035,59.86307021329985,37.81020469946938,14079,5724,6875,111,113,65.7325553090448,55.12442024692804,77.830864307824
1,extra_trees_conservative,val,-2.289776924054224,78.49496479327028,65.84779011442579,14079,5724,6875,111,113,65.7325553090448,55.12442024692804,77.830864307824
1,extra_trees_conservative,test,-0.29293286998395085,59.23806380261841,36.643149321810874,14079,5724,6875,111,113,65.7325553090448,55.12442024692804,77.830864307824
1,hgb,val,-3.6139694250488725,92.95996042984326,72.95086939188603,14079,5724,6875,111,113,65.7325553090448,55.12442024692804,77.830864307824
1,hgb,test,-0.36991538628881937,60.97611333168514,36.63337552076138,14079,5724,6875,111,113,65.7325553090448,55.12442024692804,77.830864307824
2,train_mean_baseline,val,-0.0020613769816117955,40.81488379655996,30.441728281254782,15652,5302,5724,111,113,70.1704127023669,68.31922646074787,55.12442024692804
2,train_mean_baseline,test,-0.12087167246796793,45.8180414486482,39.614642593135194,15652,5302,5724,111,113,70.1704127023669,68.31922646074787,55.12442024692804
2,ridge,val,-5.131905455326477,100.96459971346367,84.47212187807187,15652,5302,5724,111,113,70.1704127023669,68.31922646074787,55.12442024692804
2,ridge,test,-44.51109023073487,291.95585801120046,252.63055141785767,15652,5302,5724,111,113,70.1704127023669,68.31922646074787,55.12442024692804
2,random_forest,val,-0.5166435649842209,50.212652779671046,41.64292871284124,15652,5302,5724,111,113,70.1704127023669,68.31922646074787,55.12442024692804
2,random_forest,test,-1.9045637662653028,73.75628464430676,64.91948805879551,15652,5302,5724,111,113,70.1704127023669,68.31922646074787,55.12442024692804
2,extra_trees,val,-0.12848720362422839,43.31314528348371,33.98219326445618,15652,5302,5724,111,113,70.1704127023669,68.31922646074787,55.12442024692804
2,extra_trees,test,-2.25599749171094,78.09093178061757,68.99515451996507,15652,5302,5724,111,113,70.1704127023669,68.31922646074787,55.12442024692804
2,extra_trees_conservative,val,-0.004875338061306689,40.87215123517588,31.379353366320128,15652,5302,5724,111,113,70.1704127023669,68.31922646074787,55.12442024692804
2,extra_trees_conservative,test,-1.8751832275175633,73.38230297114819,65.1576967420295,15652,5302,5724,111,113,70.1704127023669,68.31922646074787,55.12442024692804
2,hgb,val,-4.638568650271189,96.81794023694897,76.88792151346435,15652,5302,5724,111,113,70.1704127023669,68.31922646074787,55.12442024692804
2,hgb,test,-3.1463527556608017,88.12349189463096,68.02954018492643,15652,5302,5724,111,113,70.1704127023669,68.31922646074787,55.12442024692804
3,train_mean_baseline,val,-0.01738099195973386,61.93521894656451,36.656734244572725,17116,4260,5302,111,113,64.5281384400794,72.62344215269096,68.31922646074787
3,train_mean_baseline,test,-0.008645396785556647,40.948750862584184,28.321687932791583,17116,4260,5302,111,113,64.5281384400794,72.62344215269096,68.31922646074787
3,ridge,val,0.3031311633902444,51.2591487157928,44.09115423114888,17116,4260,5302,111,113,64.5281384400794,72.62344215269096,68.31922646074787
3,ridge,test,0.05171789813885974,39.704540983076114,31.463629277704786,17116,4260,5302,111,113,64.5281384400794,72.62344215269096,68.31922646074787
3,random_forest,val,0.4508704975090434,45.50229022477579,34.396778115402995,17116,4260,5302,111,113,64.5281384400794,72.62344215269096,68.31922646074787
3,random_forest,test,0.5580660940098885,27.10504072415695,16.565867524291498,17116,4260,5302,111,113,64.5281384400794,72.62344215269096,68.31922646074787
3,extra_trees,val,0.12855002356775824,57.321440898196414,47.14133774386715,17116,4260,5302,111,113,64.5281384400794,72.62344215269096,68.31922646074787
3,extra_trees,test,0.44704147597194743,30.319196057773325,18.499930586405966,17116,4260,5302,111,113,64.5281384400794,72.62344215269096,68.31922646074787
3,extra_trees_conservative,val,0.19161591320770643,55.20834717183261,43.14630972786672,17116,4260,5302,111,113,64.5281384400794,72.62344215269096,68.31922646074787
3,extra_trees_conservative,test,0.42714578222402,30.859825095874346,18.842254472814112,17116,4260,5302,111,113,64.5281384400794,72.62344215269096,68.31922646074787
3,hgb,val,-1.6734398166982363,100.3993898466463,86.1233225518665,17116,4260,5302,111,113,64.5281384400794,72.62344215269096,68.31922646074787
3,hgb,test,0.2258785170943789,35.87368271527783,21.696308756659047,17116,4260,5302,111,113,64.5281384400794,72.62344215269096,68.31922646074787
4,train_mean_baseline,val,-0.30726845352294796,23.83494059175029,19.753730327694427,17901,4517,4260,111,113,67.75308152084193,56.19753020382844,72.62344215269096
4,train_mean_baseline,test,-0.006291156739696824,61.59673543657753,38.074629421046765,17901,4517,4260,111,113,67.75308152084193,56.19753020382844,72.62344215269096
4,ridge,val,-5.272686328742969,52.21057409649706,44.40865754899317,17901,4517,4260,111,113,67.75308152084193,56.19753020382844,72.62344215269096
4,ridge,test,0.4535387822473923,45.39160511722818,38.58551976609207,17901,4517,4260,111,113,67.75308152084193,56.19753020382844,72.62344215269096
4,random_forest,val,-0.3231895222611112,23.979642816270168,17.644724266447508,17901,4517,4260,111,113,67.75308152084193,56.19753020382844,72.62344215269096
4,random_forest,test,0.21135901325347806,54.53000526835529,43.75569982592436,17901,4517,4260,111,113,67.75308152084193,56.19753020382844,72.62344215269096
4,extra_trees,val,-1.035250304074403,29.739974882818924,23.6021817292497,17901,4517,4260,111,113,67.75308152084193,56.19753020382844,72.62344215269096
4,extra_trees,test,-0.31879060520309155,70.51537013718578,62.81470631958437,17901,4517,4260,111,113,67.75308152084193,56.19753020382844,72.62344215269096
4,extra_trees_conservative,val,-0.8314598960113178,28.211773593614293,22.49717826879158,17901,4517,4260,111,113,67.75308152084193,56.19753020382844,72.62344215269096
4,extra_trees_conservative,test,-0.07535679088902891,63.675469898185554,54.80220027183319,17901,4517,4260,111,113,67.75308152084193,56.19753020382844,72.62344215269096
4,hgb,val,0.035571348144126214,20.472304633332474,14.953659462220571,17901,4517,4260,111,113,67.75308152084193,56.19753020382844,72.62344215269096
4,hgb,test,0.039966133017175665,60.164338282307035,47.887308180453466,17901,4517,4260,111,113,67.75308152084193,56.19753020382844,72.62344215269096
5,train_mean_baseline,val,-0.064715073581465,53.75632465683652,33.402832712186,15286,6875,4517,111,113,64.57782178194196,77.830864307824,56.19753020382844
5,train_mean_baseline,test,-0.16160503677096094,22.467819513836535,18.008042687903117,15286,6875,4517,111,113,64.57782178194196,77.830864307824,56.19753020382844
5,ridge,val,-0.08075678486157778,54.159775092205145,37.255729635198485,15286,6875,4517,111,113,64.57782178194196,77.830864307824,56.19753020382844
5,ridge,test,-4.87185567571565,50.51488510209922,38.30091269383663,15286,6875,4517,111,113,64.57782178194196,77.830864307824,56.19753020382844
5,random_forest,val,-0.2782758445481579,58.90133768042083,34.54128575844386,15286,6875,4517,111,113,64.57782178194196,77.830864307824,56.19753020382844
5,random_forest,test,-0.8588943905065405,28.42228838550481,20.732559064368616,15286,6875,4517,111,113,64.57782178194196,77.830864307824,56.19753020382844
5,extra_trees,val,-0.2345394157853451,57.884907961057245,33.86451310486535,15286,6875,4517,111,113,64.57782178194196,77.830864307824,56.19753020382844
5,extra_trees,test,-0.6474001550549546,26.756618996562448,22.291184015758702,15286,6875,4517,111,113,64.57782178194196,77.830864307824,56.19753020382844
5,extra_trees_conservative,val,-0.24869381516821654,58.215796955633785,33.41766844427822,15286,6875,4517,111,113,64.57782178194196,77.830864307824,56.19753020382844
5,extra_trees_conservative,test,-0.39935537810733424,24.66014886019941,20.61640349521479,15286,6875,4517,111,113,64.57782178194196,77.830864307824,56.19753020382844
5,hgb,val,-0.4128862694114257,61.92506472367889,38.246103735384054,15286,6875,4517,111,113,64.57782178194196,77.830864307824,56.19753020382844
5,hgb,test,-0.8082579794598039,28.032503068286584,21.058400087650558,15286,6875,4517,111,113,64.57782178194196,77.830864307824,56.19753020382844
