embedding_kind,target,target_mode,model,pca_components,alpha,val_MAE,val_RMSE,val_R2,val_Pearson,val_Spearman,test_MAE,test_RMSE,test_R2,test_Pearson,test_Spearman
none,PM2.5,raw,mean_baseline,,,21.90533272593774,37.00979074502037,-0.0023377277452298895,,,35.15135170851272,44.14284002115146,-0.13844028093375038,,
none,PM2.5,log1p,mean_baseline,,,20.37031068769231,39.111506794222066,-0.11941188530618008,,,30.145751588694637,41.605886617128164,-0.011344866372009488,,
none,PM10,raw,mean_baseline,,,101.46075163029774,139.37255964998724,-1.1043601260637947,,,53.67013850904753,80.53983673215843,-0.022475611485336833,,
none,PM10,log1p,mean_baseline,,,129.2851545189412,161.0739989003505,-1.8107122948653176,,,49.72545609152774,89.24597563390337,-0.2554769719388097,,
none,aqi,raw,mean_baseline,,,60.93756812268249,104.82648912321365,-0.3089611449157863,,,66.54721931112887,86.48157038120642,-0.014430337594922626,,
none,aqi,log1p,mean_baseline,,,82.02582701014695,122.63145650901401,-0.7913829939990176,,,59.0595205446783,88.22330619061353,-0.05570299219097996,,
front,PM2.5,raw,ridge_pca64,64.0,1.0,29.71566039553077,39.903753391648436,-0.16522102918633919,0.2326624278094443,0.297326883469257,48.31788037708907,56.09760570743317,-0.8385623528475676,0.05494430910202353,0.02160490193555959
front,PM2.5,raw,ridge_pca64,64.0,10.0,29.715185966016655,39.90331616759276,-0.16519549475262063,0.23266118082713766,0.29732723929561,48.317109850008165,56.09671948828364,-0.8385042627999115,0.054939688289236295,0.021601135725620182
front,PM2.5,raw,ridge_pca64,64.0,100.0,29.71043176813843,39.89893974910417,-0.1649399218350316,0.2326487739192367,0.2973102430547941,48.30940095662901,56.08785802488698,-0.8379234605146146,0.054893620952854306,0.021559924928861655
front,PM2.5,raw,ridge_pca64,64.0,1000.0,29.66364733120306,39.85591300217204,-0.16242874990612255,0.23252409134615545,0.2970877897687908,48.23319561211915,56.00041444121519,-0.8321971112200712,0.05443610879457594,0.021283356931274353
front,PM2.5,raw,ridge_pca128,128.0,1.0,31.008477967498912,42.0054968513762,-0.2911986707149721,0.14551304151781724,0.24161525210424514,45.554559574237366,53.502836261351355,-0.6724121817932363,0.050980360441554455,0.04393774059185962
front,PM2.5,raw,ridge_pca128,128.0,10.0,31.007500362605537,42.004273708022275,-0.2911234758858563,0.14553172709521328,0.24162300628977446,45.55429021275531,53.50235247743837,-0.6723819373236715,0.05097679085959301,0.043926208931649675
front,PM2.5,raw,ridge_pca128,128.0,100.0,30.997788723963964,41.99210558210346,-0.29037553878009037,0.14571834259512662,0.2417565240167605,45.55163427155088,53.497565873673146,-0.6720827104216287,0.05094097138671662,0.04385317385131549
front,PM2.5,raw,ridge_pca128,128.0,1000.0,30.903562385769227,41.87405610367012,-0.28313065108222313,0.14753010709552586,0.24293972229766886,45.52499613620212,53.450581143575505,-0.6691469560742414,0.05058146582624082,0.043214255536464935
front,PM2.5,raw,ridge_pca256,256.0,1.0,33.521809391625446,44.79822015366518,-0.4685959886315485,0.10910643783769873,0.21823028542501913,45.85712209198374,54.82743779384147,-0.7562470733456741,-0.016048844284215186,-0.027847020851478405
front,PM2.5,raw,ridge_pca256,256.0,10.0,33.51916889357687,44.795106788141545,-0.46839186814539846,0.10913979911060614,0.21824830115890825,45.856520543461684,54.826076153856185,-0.7561598416003874,-0.01603329692805854,-0.027830227885645268
front,PM2.5,raw,ridge_pca256,256.0,100.0,33.492872846001035,44.76412681109323,-0.4663615117473243,0.10947236858599146,0.2185068424272945,45.85051525344068,54.81252126722297,-0.7552915830423408,-0.015878401696454006,-0.027689473573935225
front,PM2.5,raw,ridge_pca256,256.0,1000.0,33.24382355639325,44.4696167238305,-0.44713014697190023,0.11267984105746641,0.22114440211340505,45.792807879090525,54.68324999713861,-0.7470218959962005,-0.01440340475752649,-0.026591911710547554
front,PM2.5,log1p,ridge_pca64,64.0,1.0,22.76508048897106,36.48995123031977,0.02562219205002736,0.2363415869773869,0.30723223113810866,39.01509064372914,47.87222927497928,-0.33892735810963637,0.06263651066064088,0.017221449349032875
front,PM2.5,log1p,ridge_pca64,64.0,10.0,22.76469892318777,36.48977678721158,0.025631508208660225,0.23633999783798634,0.3072317215729862,39.014366180509946,47.8714629503689,-0.33888449213956595,0.06263314688836696,0.017222628996681557
front,PM2.5,log1p,ridge_pca64,64.0,100.0,22.760850506215004,36.48801796423727,0.025725435907766547,0.23632415124268757,0.30720371043941647,39.007055329210964,47.86373707804842,-0.3384523676420619,0.06259942384257701,0.017196932677017093
front,PM2.5,log1p,ridge_pca64,64.0,1000.0,22.72307428934631,36.47095857084494,0.026636236146032277,0.23616505868218227,0.30695088191347264,38.93498729320737,47.787856187421355,-0.3342118942743626,0.06226408128740525,0.016922570061645596
front,PM2.5,log1p,ridge_pca128,128.0,1.0,23.95461907084839,38.380172857161774,-0.07794020617456376,0.14029891217140303,0.25070386509080594,36.72533194467768,45.98730266516592,-0.2355649684083383,0.04430897754292639,0.03409929317109973
front,PM2.5,log1p,ridge_pca128,128.0,10.0,23.953686869212966,38.379243526056925,-0.07788800467780521,0.14031726881825604,0.25071796511885874,36.7250124341969,45.98685098398204,-0.23554069741723205,0.04430894119048573,0.03409574206987565
front,PM2.5,log1p,ridge_pca128,128.0,100.0,23.94438939490793,38.36998664657172,-0.07736810511052705,0.14050036461520413,0.25084973744096856,36.72182441720796,45.982349258938235,-0.2352988112196963,0.04430852420562423,0.03403499836034564
front,PM2.5,log1p,ridge_pca128,128.0,1000.0,23.85468377031326,38.280883542996335,-0.07237016855101941,0.1422842895997157,0.25195966396421743,36.690481709971024,45.93855962152819,-0.2329471466784534,0.04429866350723474,0.03337883757347293
front,PM2.5,log1p,ridge_pca256,256.0,1.0,26.330500161525435,40.40035311325318,-0.1944037005429855,0.11315454916446459,0.2355058063797758,36.82944096920725,46.84153389956471,-0.2818934499854804,-0.011172044700675822,-0.01679027584510073
front,PM2.5,log1p,ridge_pca256,256.0,10.0,26.32783743924092,40.397563687694365,-0.1942387720245351,0.11318517825710023,0.23552933345651222,36.82891211224759,46.840433607608794,-0.28183322819646706,-0.01115635822826232,-0.01678523524655291
front,PM2.5,log1p,ridge_pca256,256.0,100.0,26.301351513185516,40.36985275119818,-0.19260094432280384,0.11349033576602252,0.23578760637334684,36.823637996491115,46.82949030279001,-0.28123435017399223,-0.010999815441842973,-0.016710679790000727
front,PM2.5,log1p,ridge_pca256,256.0,1000.0,26.050786021633254,40.10955471725902,-0.17727114476651495,0.11644087076637309,0.2382561552252502,36.773422012227904,46.725833154372765,-0.27556859930788646,-0.009493316053979867,-0.015935453964750577
front,PM10,raw,ridge_pca64,64.0,1.0,79.38454630266024,114.47342062443971,-0.4196289017815149,0.10732280763879949,0.1380172250675879,89.87844161364863,111.23488054723846,-0.9503540369827814,-0.19355132494808905,-0.10683870457515636
front,PM10,raw,ridge_pca64,64.0,10.0,79.38395537323441,114.47327407135722,-0.4196252668615965,0.10731757769336882,0.13801129057148162,89.8766325484633,111.23295274064407,-0.9502864345765214,-0.1935516817615579,-0.10684536130244858
front,PM10,raw,ridge_pca64,64.0,100.0,79.3780252673568,114.47180598669208,-0.41958885457694284,0.10726540844245097,0.13797363439343077,89.85849186908298,111.2136217288291,-0.9496086186383683,-0.19355521018841398,-0.10682262756632506
front,PM10,raw,ridge_pca64,64.0,1000.0,79.31978222233423,114.45777629061293,-0.419240905498379,0.10674891623387457,0.13750859418652733,89.6788856847083,111.02243129950574,-0.9429111277451314,-0.193586955187378,-0.10677851219808925
front,PM10,raw,ridge_pca128,128.0,1.0,79.97829837594318,115.32786751020537,-0.440900643039847,0.11240261993837455,0.16159443831293738,82.7475153959919,105.51024564013342,-0.754772162995553,-0.14008459060414305,-0.05096234251379399
front,PM10,raw,ridge_pca128,128.0,10.0,79.9765135592288,115.32656664329343,-0.4408681372901284,0.11240055711141678,0.16158916191857342,82.74681072255895,105.50903000703228,-0.7547317281197778,-0.14010054648106102,-0.050979164241119916
front,PM10,raw,ridge_pca128,128.0,100.0,79.95867041371736,115.31360517665487,-0.4405442793039245,0.11237953003992981,0.16156446670607935,82.73969697207333,105.49683832108039,-0.7543262291372328,-0.14025971383725835,-0.051091250025673766
front,PM10,raw,ridge_pca128,128.0,1000.0,79.78742949448572,115.1904358991201,-0.4374685617633456,0.11215832614695219,0.16126013470527673,82.6690752720751,105.37764317899145,-0.7503642329661597,-0.14179798435174185,-0.052292895512930045
front,PM10,raw,ridge_pca256,256.0,1.0,83.65473719887417,116.848965637431,-0.47916034887671355,0.1040649759362454,0.1500352292114479,89.45409915427685,113.11907312887409,-1.0169872085296303,-0.14930758244791087,-0.09351726886689075
front,PM10,raw,ridge_pca256,256.0,10.0,83.6493454947302,116.84500261749808,-0.4790600169224075,0.10407096623176405,0.15004034506392055,89.45003216908388,113.11358958394625,-1.016791662869759,-0.1493230338524749,-0.09352215971824106
front,PM10,raw,ridge_pca256,256.0,100.0,83.59573933863877,116.8056778357093,-0.4780646140644649,0.10413022409066408,0.1501094600239779,89.40951645923597,113.05906475980001,-1.014847799049932,-0.1494773774531153,-0.0935491092957571
front,PM10,raw,ridge_pca256,256.0,1000.0,83.08331108061246,116.43213281347309,-0.46862601754278166,0.10477752730630908,0.15079707608415163,89.02395691584998,112.54190041359436,-0.9964569831065921,-0.15104620267395064,-0.09382452664528715
front,PM10,log1p,ridge_pca64,64.0,1.0,97.16376585482206,135.21180612447162,-0.980590719840106,0.11374578790745161,0.1395775679363541,63.34985676044083,92.41818461026948,-0.34631391561424585,-0.17712849892852378,-0.10419138177941317
front,PM10,log1p,ridge_pca64,64.0,10.0,97.16454363415018,135.21266082920047,-0.9806157594524452,0.11373975879912337,0.1395721769068647,63.348547901611134,92.41713659813591,-0.34628338168144723,-0.1771299647556925,-0.10419313335412139
front,PM10,log1p,ridge_pca64,64.0,100.0,97.17222096167976,135.22111001367847,-0.9808632970822118,0.1136794692014345,0.13953706176722003,63.33557377620344,92.40674160722324,-0.3459805413861563,-0.17714445878237572,-0.10418259675079648
front,PM10,log1p,ridge_pca64,64.0,1000.0,97.24854842690387,135.30497559140088,-0.9833211642217208,0.11308263148096681,0.13912240610169407,63.20758816426378,92.30454737326869,-0.34300510068400447,-0.17728500403084527,-0.10415390325473288
front,PM10,log1p,ridge_pca128,128.0,1.0,97.12617655930418,135.13554950048163,-0.9783573265239418,0.10957518433459842,0.15822083302333484,58.45387537230785,90.17114278087287,-0.281641659177988,-0.11524693347308117,-0.042808772068206394
front,PM10,log1p,ridge_pca128,128.0,10.0,97.12666880111537,135.1360919646645,-0.9783732096893785,0.10957527802761001,0.1582214231121806,58.45343205401742,90.17050847809644,-0.2816236279990896,-0.11526487001330925,-0.04281868699218251
front,PM10,log1p,ridge_pca128,128.0,100.0,97.13155136546882,135.14149577857947,-0.9785314349906264,0.10957603049367749,0.158218493054638,58.44904523813186,90.1642237186936,-0.28144497944575786,-0.11544374893928006,-0.042949276228803186
front,PM10,log1p,ridge_pca128,128.0,1000.0,97.18223180273081,135.19699272870253,-0.980156768576981,0.1095638508517346,0.15809355905781275,58.406212317138085,90.10330462424548,-0.2797139581483339,-0.11717892066129422,-0.044192637157607476
front,PM10,log1p,ridge_pca256,256.0,1.0,94.42946198371335,132.2947448921902,-0.8960539831045735,0.10911393472137636,0.1525252696278237,63.09600843626424,93.58504408896661,-0.38052528903883753,-0.13486890635842005,-0.08610105856269995
front,PM10,log1p,ridge_pca256,256.0,10.0,94.42928746642758,132.29520494171337,-0.8960671700266716,0.10912004872760235,0.15253449584136217,63.09290420478485,93.58195066493835,-0.380434024893771,-0.13488328889607626,-0.08610171119130601
front,PM10,log1p,ridge_pca256,256.0,100.0,94.42775837600504,132.2999607361595,-0.896203493452745,0.10918076384306145,0.15258576660551745,63.0620234772683,93.55120021884805,-0.379526969900156,-0.1350263617546312,-0.08612955422632126
front,PM10,log1p,ridge_pca256,256.0,1000.0,94.42742029509647,132.3578284086431,-0.8978626455746401,0.10973041519625619,0.15311555778769143,62.76986443575894,93.26239211464996,-0.3710224595194269,-0.13640813975063107,-0.08651849628459465
front,aqi,raw,ridge_pca64,64.0,1.0,70.64163343135316,98.29681866472734,-0.15096892617734814,0.1274012913891013,0.1488090617786177,98.4930899561538,115.24075960069575,-0.801305266907641,-0.01965414447316594,-0.016701590621846982
front,aqi,raw,ridge_pca64,64.0,10.0,70.64057653696763,98.2961554291928,-0.15095339442512956,0.12739627840508277,0.14880965609355393,98.49139036651498,115.23860019997896,-0.8012377612186001,-0.01965818330439796,-0.016704269734227048
front,aqi,raw,ridge_pca64,64.0,100.0,70.63002936419178,98.28954560442274,-0.15079861025397312,0.12734627728057496,0.14876337890691996,98.47443978738647,115.21706295549819,-0.8005645480272563,-0.019698419151975642,-0.016720460037773235
front,aqi,raw,ridge_pca64,64.0,1000.0,70.52602418071945,98.22473779204978,-0.1492815383757684,0.1268505362525748,0.1483057690463908,98.30672898922955,115.0045066989057,-0.79392719377016,-0.02009690993650776,-0.01683894183817553
front,aqi,raw,ridge_pca128,128.0,1.0,72.82231086639375,100.53935835603393,-0.20408429690532737,0.11046239758904543,0.15791061657714683,93.0455472773125,110.03374225172028,-0.6422030771087099,-0.005244441541898509,0.01889701548603736
front,aqi,raw,ridge_pca128,128.0,10.0,72.82006979178566,100.53736191371976,-0.2040364776032726,0.11046455164669783,0.15791004903650174,93.04475751663936,110.03225474047485,-0.6421586765642442,-0.005252204009144368,0.0188866016145715
front,aqi,raw,ridge_pca128,128.0,100.0,72.79771722957342,100.51747848683631,-0.20356027644879693,0.11048585202824207,0.1578977698887733,93.03688882857982,110.01740151231259,-0.6417153572617837,-0.005329479436893678,0.01877861644724784
front,aqi,raw,ridge_pca128,128.0,1000.0,72.58031595376039,100.32565226521004,-0.1989709428331241,0.1106780436435209,0.1578980144067059,92.95904926083934,109.87189431056773,-0.6373756176549739,-0.0060881605698366835,0.01798003545431843
front,aqi,raw,ridge_pca256,256.0,1.0,78.31511448797126,105.15139531845831,-0.31708788223761264,0.09498680836641735,0.14523289822106794,94.92277003431936,114.14444454874614,-0.767195726108042,-0.04098657441076413,-0.03029469915679906
front,aqi,raw,ridge_pca256,256.0,10.0,78.30894695943145,105.14545112495537,-0.3169389768631885,0.09499859075986242,0.14524315866846474,94.92065527474887,114.14031682229385,-0.7670679166700816,-0.04098368782635011,-0.03028800606218926
front,aqi,raw,ridge_pca256,256.0,100.0,78.24756633744084,105.08637899977988,-0.31545964456125297,0.09511576825562973,0.14535215323543582,94.89960778682898,114.09927294247618,-0.76579730020224,-0.04095488334469687,-0.030259815226735817
front,aqi,raw,ridge_pca256,256.0,1000.0,77.66140052984626,104.52917342591141,-0.30154655347963666,0.09621633489120118,0.1461991790600528,94.69803554934673,113.70877160963047,-0.7537312071248781,-0.04068780214939169,-0.029776926840133822
front,aqi,log1p,ridge_pca64,64.0,1.0,68.24868712914667,105.52639773117788,-0.32649891957232424,0.12402922907100385,0.1475442418125028,75.61175387142083,96.44818596574964,-0.26172068121211844,0.0008564656420834493,-0.014980134457333174
front,aqi,log1p,ridge_pca64,64.0,10.0,68.24826878964616,105.52661809140335,-0.32650445956824004,0.12402461975853554,0.1475386845722613,75.61012022592459,96.4464302623696,-0.26167474593443263,0.0008527561199363701,-0.014980219605881836
front,aqi,log1p,ridge_pca64,64.0,100.0,68.24411664200863,105.52884531817581,-0.3265604541121263,0.12397882736795544,0.14749670542984705,75.59374004116627,96.42884473582605,-0.2612146938220934,0.0008160418453682498,-0.014978278906161994
front,aqi,log1p,ridge_pca64,64.0,1000.0,68.203769548702,105.55145530058653,-0.32712895690506616,0.12352456118681278,0.14710421628768494,75.43223487747959,96.25626061165937,-0.25670420010612727,0.0004515570536599175,-0.01506695674210508
front,aqi,log1p,ridge_pca128,128.0,1.0,68.99576636929474,106.74961641294657,-0.3574296163707331,0.10257618280991924,0.15957047416882264,71.11113374235214,93.23944085871278,-0.17916455297998124,0.003949878329712416,0.01953158333628455
front,aqi,log1p,ridge_pca128,128.0,10.0,68.9942641399106,106.74888706864414,-0.3574110677293829,0.1025794685566647,0.15957422862774476,71.11028048298013,93.23823976663746,-0.17913417364555162,0.003944641316185406,0.019520071105805618
front,aqi,log1p,ridge_pca128,128.0,100.0,68.97927057104441,106.74166523956595,-0.35722740943765285,0.10261245362578475,0.15959894967620583,71.10167300424665,93.22619326229845,-0.1788295019280659,0.0038924990885944306,0.019431548606936837
front,aqi,log1p,ridge_pca128,128.0,1000.0,68.83665271220256,106.67475071434176,-0.35552629748061526,0.10295251652137892,0.15959191756088295,71.01317688640646,93.1066775416295,-0.1758089270636829,0.0033829541262033053,0.018503679564627017
front,aqi,log1p,ridge_pca256,256.0,1.0,72.36047120552787,108.16094413228723,-0.39355981111632676,0.09481990542446248,0.1537520257832766,72.36990785321804,96.20222477958404,-0.2552936321900028,-0.03055272463926141,-0.019205165056333257
front,aqi,log1p,ridge_pca256,256.0,10.0,72.35505379909397,108.15706309288086,-0.3934598052675973,0.09483057621040072,0.15375158475308212,72.36807685247926,96.19886212172048,-0.2552058785181863,-0.03054823124014896,-0.01919920851500215
front,aqi,log1p,ridge_pca256,256.0,100.0,72.30131833194731,108.11863688220495,-0.3924698399954001,0.09493638317394515,0.15380010595958948,72.34986905261188,96.16545727932257,-0.2543342949343024,-0.0305035465858594,-0.019174280818698205
front,aqi,log1p,ridge_pca256,256.0,1000.0,71.79447845483307,107.76818345262126,-0.38345742630873025,0.0959341182790939,0.15451540711531198,72.1766349992858,95.84994027828695,-0.24611690462508573,-0.030080168155260344,-0.018949894171248222
rear,PM2.5,raw,ridge_pca64,64.0,1.0,29.171297834616592,40.38535300592769,-0.19351693316107843,0.143938026723064,0.21804867079576482,46.02791819032542,54.20385436518987,-0.7165246773604415,0.048024757877784714,0.04366926479686358
rear,PM2.5,raw,ridge_pca64,64.0,10.0,29.17100028556163,40.38498874354481,-0.19349540301071144,0.14394285995077533,0.2180554232453172,46.02747952728827,54.2033461515746,-0.7164924893497333,0.04802200712510881,0.043670855597206834
rear,PM2.5,raw,ridge_pca64,64.0,100.0,29.168064040411142,40.3813832022998,-0.19328230379032885,0.14399115586626324,0.21812244819296608,46.02314739949674,54.198321462148826,-0.716174263907636,0.04799448694975189,0.043643544012549745
rear,PM2.5,raw,ridge_pca64,64.0,1000.0,29.13897778325737,40.34581068447218,-0.19118087208487267,0.14446913118489454,0.21861920431334517,45.980384691938376,54.14874339630882,-0.7130359495589023,0.047722410052476315,0.04330159987170564
rear,PM2.5,raw,ridge_pca128,128.0,1.0,29.8893367598815,42.10166886391463,-0.297117863988279,0.05824769728616635,0.11388342797812073,44.93865218844894,53.32990098394862,-0.6616182998751796,0.08049043930944336,0.09812541946097976
rear,PM2.5,raw,ridge_pca128,128.0,10.0,29.888394117331767,42.10049195722479,-0.2970453459434703,0.05826750596968903,0.11391162591344392,44.93820466877067,53.329162919785226,-0.6615723079490206,0.08048475489326767,0.09811942850918184
rear,PM2.5,raw,ridge_pca128,128.0,100.0,29.87905052645863,42.088812326941294,-0.29632578623962513,0.058465408174150704,0.11417357886378307,44.93380428321337,53.3218802060055,-0.6611185251168292,0.08042799182487116,0.09801664800996276
rear,PM2.5,raw,ridge_pca128,128.0,1000.0,29.788960660698837,41.97564535585035,-0.2893641243638796,0.060414922828023396,0.11678020002285174,44.891203242245304,53.25152568791481,-0.6567379558720117,0.07986251222556404,0.09704995816514789
rear,PM2.5,raw,ridge_pca256,256.0,1.0,30.92205636970347,43.99900927507155,-0.41666320275149715,-0.006557081963100473,0.0309594435416852,42.27655065081049,51.18786966226993,-0.5308189255521272,0.0910118623351255,0.09866303559784742
rear,PM2.5,raw,ridge_pca256,256.0,10.0,30.919898370823535,43.996283255987485,-0.416487665558416,-0.006520466759023012,0.03102633638885493,42.277023145618045,51.18773956013549,-0.5308111439211323,0.09100344123584148,0.09864601643685512
rear,PM2.5,raw,ridge_pca256,256.0,100.0,30.89846894862204,43.969210560097224,-0.41474495738478523,-0.006154931076849538,0.0315968854272843,42.281742410630024,51.18649666157461,-0.5307368050311989,0.09091947739629172,0.09848207166785167
rear,PM2.5,raw,ridge_pca256,256.0,1000.0,30.69728533881533,43.71245812219571,-0.3982707624505377,-0.002578799514424664,0.037004841034819165,42.32623555780158,51.17551523424509,-0.5300800743335439,0.09009390288437806,0.09718599355602463
rear,PM2.5,log1p,ridge_pca64,64.0,1.0,22.716362911207998,37.48594647443849,-0.028295131654926253,0.13237830112067167,0.22158837037016638,37.29312180225077,46.455072312572284,-0.26082842925628236,0.03949812171742728,0.03403292616902483
rear,PM2.5,log1p,ridge_pca64,64.0,10.0,22.71606515314071,37.485724933028585,-0.02828297727166973,0.13238381627086215,0.2215879174903246,37.29274210761144,46.454689598765036,-0.2608076550141267,0.0394974375518531,0.03403291522993786
rear,PM2.5,log1p,ridge_pca64,64.0,100.0,22.713085790081916,37.483508340802366,-0.028161372758541026,0.1324391492938401,0.22162887552352437,37.28894485005578,46.45086116044063,-0.2605998514322341,0.03949082509999423,0.034026370223951635
rear,PM2.5,log1p,ridge_pca64,64.0,1000.0,22.683701028198765,37.46176420536525,-0.026968848544722368,0.13298678054243232,0.22204364968620166,37.251464455113606,46.413157054065074,-0.25855422731365585,0.039425033705570676,0.03396993608172183
rear,PM2.5,log1p,ridge_pca128,128.0,1.0,23.997172714536354,38.959201023683484,-0.11071056224770581,0.0607405833986946,0.14182414982374042,36.63036162619447,46.099346968543635,-0.24159300895800073,0.0611912149268891,0.08112962086423633
rear,PM2.5,log1p,ridge_pca128,128.0,10.0,23.996285574179144,38.958377534465875,-0.11066360807610076,0.06075934777329165,0.14185177464523008,36.62988903462726,46.09874164734974,-0.24156040295910342,0.06118910333197918,0.08111850565499974
rear,PM2.5,log1p,ridge_pca128,128.0,100.0,23.987473365120742,38.950186520796066,-0.110196622282559,0.06094709961187478,0.14210865353131383,36.625230143809176,46.092759446701635,-0.24123819106062094,0.061168217239374996,0.08104719075820307
rear,PM2.5,log1p,ridge_pca128,128.0,1000.0,23.901980073558473,38.870988161714585,-0.1056864328427849,0.06279358759782877,0.14438729456615434,36.58018902362035,46.03500330153157,-0.23812949376063752,0.06095673422639169,0.08017591045789245
rear,PM2.5,log1p,ridge_pca256,256.0,1.0,24.993986237128173,40.73599647276349,-0.21433218820136002,-0.011490901191557793,0.035837439568312646,34.634199439340065,44.700601950048316,-0.16739130663295065,0.07467647955544311,0.0818465485116666
rear,PM2.5,log1p,ridge_pca256,256.0,10.0,24.992068981311206,40.733988288542285,-0.21421246398483196,-0.011454106073537595,0.035908267987807704,34.63443594186913,44.70038266189368,-0.16737985289647783,0.07467229828053794,0.08182655883218615
rear,PM2.5,log1p,ridge_pca256,256.0,100.0,24.972954545756917,40.71400670392718,-0.21302152052876133,-0.011087661544115465,0.03651662192210312,34.63672621002348,44.69815948803367,-0.16726373649295856,0.07463065468679862,0.08176322797083185
rear,PM2.5,log1p,ridge_pca256,256.0,1000.0,24.789385654136964,40.523917413152354,-0.20172103025430288,-0.007629072343649023,0.04237339388152146,34.654618907161016,44.675094873613965,-0.1660594120999621,0.0740965441590282,0.08067840528348376
rear,PM10,raw,ridge_pca64,64.0,1.0,78.90295964034785,114.22939097485859,-0.41358274211557977,0.03852109383975631,0.05911380058198378,95.16953713080179,115.38538822547962,-1.0986165783095752,-0.09115092180048881,-0.047197578498444484
rear,PM10,raw,ridge_pca64,64.0,10.0,78.90240382499243,114.22917498294302,-0.4135773963433047,0.038520524882406794,0.05910757542344174,95.16794870756709,115.38362170841214,-1.0985523203704668,-0.09115071644369062,-0.047191630213584884
rear,PM10,raw,ridge_pca64,64.0,100.0,78.89682253332943,114.22701272440999,-0.41352388127836326,0.03851492460633994,0.05910444497306099,95.15199037194122,115.36587481145213,-1.097906822731753,-0.09114862570969409,-0.04716676072127047
rear,PM10,raw,ridge_pca64,64.0,1000.0,78.84200535114822,114.2059725437368,-0.4130031978066022,0.03846016909858061,0.05906107908941001,94.9945227680894,115.19060967526387,-1.0915373373660078,-0.09112765692669095,-0.04700748333989757
rear,PM10,raw,ridge_pca128,128.0,1.0,82.92994931076213,118.13976794287989,-0.5120207064471338,0.011019667313980408,0.028482395705889795,92.77747452876457,113.67588219254829,-1.036892619763821,-0.018960602137318136,0.030678776555795432
rear,PM10,raw,ridge_pca128,128.0,10.0,82.92777033238134,118.13790287352649,-0.5119729663631543,0.011023386977486732,0.0284904896478873,92.77567481376423,113.67354157322701,-1.0368087402100197,-0.018976944140385237,0.03066873672045456
rear,PM10,raw,ridge_pca128,128.0,100.0,82.9061237729184,118.11935786184637,-0.5114983116613645,0.011060499991873153,0.028519247303747323,92.75796715873365,113.65041815504301,-1.0359801711466394,-0.01914009479373984,0.030538646648521687
rear,PM10,raw,ridge_pca128,128.0,1000.0,82.69645693635564,117.94068206892003,-0.5069289692264511,0.011427235419986853,0.02901266561255723,92.58697843108207,113.4252586681077,-1.0279209636821656,-0.02073159353079306,0.02909472836044809
rear,PM10,raw,ridge_pca256,256.0,1.0,89.03640249680582,124.78360114533689,-0.6868658315467187,-0.021609451111764752,-0.01096639957758409,88.17787545315367,111.0684557618295,-0.9445223332254122,-0.02563294834619278,0.017813575013830654
rear,PM10,raw,ridge_pca256,256.0,10.0,89.02974408814788,124.77701062234725,-0.6866876505300317,-0.02159444106119295,-0.01095219060013365,88.17762906269262,111.06669426231089,-0.9444606550834289,-0.02565077203918403,0.017796001124115803
rear,PM10,raw,ridge_pca256,256.0,100.0,88.96358940126191,124.71163082110856,-0.6849205555796811,-0.021445201016477188,-0.0107391120624926,88.1751528760178,111.04917726926367,-0.9438473583969356,-0.025828182242294818,0.017684778781591852
rear,PM10,raw,ridge_pca256,256.0,1000.0,88.33414495082692,124.09433137369028,-0.6682817486184105,-0.019996041454200548,-0.008692125290995525,88.15192369672818,110.88243635705939,-0.9380143471742823,-0.02754273496407239,0.01651342840904931
rear,PM10,log1p,ridge_pca64,64.0,1.0,98.12313322698978,136.61751541642658,-1.0219866197807876,0.03675179831303322,0.06579177699918234,63.99376209984165,90.79462257556344,-0.299426512006169,-0.0877915677205333,-0.055940858019285486
rear,PM10,log1p,ridge_pca64,64.0,10.0,98.12353973194567,136.61795969480144,-1.0219997707503006,0.036752112247030656,0.06578885899662158,63.99268149147373,90.79377044257663,-0.2994021211564175,-0.08779146945923562,-0.055938818514917325
rear,PM10,log1p,ridge_pca64,64.0,100.0,98.12761229883303,136.62240833454962,-1.0221314561454546,0.03675547757943209,0.0657699095666604,63.98186093422053,90.78524009715018,-0.2991579672197875,-0.08779053911251643,-0.055908659706281165
rear,PM10,log1p,ridge_pca64,64.0,1000.0,98.16812212699388,136.66672321588058,-1.023443467105483,0.036788539043439296,0.06566239694530057,63.87528330920741,90.7013405044531,-0.296757831287942,-0.08778098177092655,-0.05562574910827461
rear,PM10,log1p,ridge_pca128,128.0,1.0,100.81341375198892,139.11061259327255,-1.0964573806359703,-0.00016256313832156404,0.028067254193341086,61.345024124780366,89.18305074985928,-0.2537071914710112,-0.008724442297375642,0.02239206894252136
rear,PM10,log1p,ridge_pca128,128.0,10.0,100.81286502081718,139.11034115988258,-1.0964491994056829,-0.0001566945337526448,0.028065807285161323,61.344094847819754,89.18200783176661,-0.25367786961541694,-0.008741261983002006,0.022372669753087403
rear,PM10,log1p,ridge_pca128,128.0,100.0,100.80753174385951,139.10773219792415,-1.0963705639157006,-9.825879672515976e-05,0.028128232176478994,61.33472095000101,89.17154836813744,-0.2533838186190398,-0.008908738689025168,0.022227542786151914
rear,PM10,log1p,ridge_pca128,128.0,1000.0,100.75753683109369,139.08372565449542,-1.095647063250023,0.0004784380608848239,0.028749215910912354,61.243547391848416,89.07103683950541,-0.2505598568132379,-0.01054490173015796,0.020843302596326024
rear,PM10,log1p,ridge_pca256,256.0,1.0,105.90364523506088,143.6266383392884,-1.2347837416410399,-0.038336930908298116,-0.02324990650287528,59.818266172948725,89.81755687023761,-0.27161002563942116,-0.012422875903569051,0.012023291025770232
rear,PM10,log1p,ridge_pca256,256.0,10.0,105.90029150068982,143.62387361141023,-1.234697705937403,-0.038319637242234854,-0.023223827688873745,59.81751823611521,89.81592722886907,-0.2715638821108033,-0.012441941834746582,0.012007647539366041
rear,PM10,log1p,ridge_pca256,256.0,100.0,105.86692231683908,143.59635100168725,-1.2338413187895556,-0.03814694862914478,-0.02295436161110022,59.81012291465882,89.79970995884834,-0.27110473341060537,-0.01263208277310309,0.011846003411102052
rear,PM10,log1p,ridge_pca256,256.0,1000.0,105.54977184309274,143.33745700648862,-1.2257936663605515,-0.036462200261348846,-0.020382174827756495,59.73898107840824,89.64699132256779,-0.266784979717404,-0.014473160157175263,0.010487645175262196
rear,aqi,raw,ridge_pca64,64.0,1.0,70.26099318408923,99.32083680103858,-0.17507453280211815,0.05645227671292184,0.06960075816503607,96.29831032118122,113.11242057314074,-0.7353843912875146,-0.0014473510024591463,0.012714578812748876
rear,aqi,raw,ridge_pca64,64.0,10.0,70.26023124611643,99.32025046928834,-0.17506065894652068,0.056452545670295305,0.06959970578248643,96.29726302667589,113.11114770018601,-0.7353453343666589,-0.0014493676902707902,0.012711167485874903
rear,aqi,raw,ridge_pca64,64.0,100.0,70.25266219121957,99.31441945559827,-0.17492268922484033,0.05645525008891544,0.0696005061771721,96.28688840418616,113.0985081673452,-0.7349575259270498,-0.001469499960515245,0.012703140996561087
rear,aqi,raw,ridge_pca64,64.0,1000.0,70.17798944572039,99.25698405708317,-0.17356412235911978,0.056482160732349046,0.06969744844152984,96.18452414867338,112.97364686133356,-0.7311288373563842,-0.001667919369512444,0.012611558874031804
rear,aqi,raw,ridge_pca128,128.0,1.0,73.2743869679432,103.57640402517177,-0.27792784233048384,0.01547025588807847,0.024298776891751223,93.8540446954229,111.26951902494547,-0.6792970146785122,0.04608138616072464,0.07049754391225714
rear,aqi,raw,ridge_pca128,128.0,10.0,73.27198399683604,103.57400296931696,-0.2778685944623627,0.015477283453342787,0.024311314308881084,93.85288733437145,111.26766002450462,-0.6792409024954167,0.04607147196510542,0.07048527006408856
rear,aqi,raw,ridge_pca128,128.0,100.0,73.24800187081517,103.55005333141617,-0.2772776942195587,0.015547331299616626,0.024408361706846963,93.84126841666955,111.24906456177362,-0.6786796675006717,0.0459722827167694,0.07036592091010396
rear,aqi,raw,ridge_pca128,128.0,1000.0,73.01692950131391,103.31828993193997,-0.2715665442710786,0.016237500259671068,0.025301516570600983,93.72880558627229,111.06913421366427,-0.6732539830820756,0.04499583284698442,0.06924336347101762
rear,aqi,raw,ridge_pca256,256.0,1.0,77.63079128611523,109.12639911395722,-0.41854894085354877,-0.018735826490791505,-0.024322298006446478,87.26469450920068,106.61195935569836,-0.5416541080001196,0.056451219011950264,0.07296589288987801
rear,aqi,raw,ridge_pca256,256.0,10.0,77.62442028630159,109.11961498546492,-0.4183725707134769,-0.018717579204988757,-0.0242988650360604,87.26567220357984,106.6112345080981,-0.5416331448644902,0.056436855576390346,0.07294689805247458
rear,aqi,raw,ridge_pca256,256.0,100.0,77.56094927930373,109.05218272848154,-0.41662009914748355,-0.01853595918347146,-0.024055297395832325,87.27530264040223,106.60391277158108,-0.5414214027502304,0.05629379207341691,0.0727903203169601
rear,aqi,raw,ridge_pca256,256.0,1000.0,76.95876832389538,108.4142828081268,-0.40009555384646567,-0.016768111258272822,-0.021455697776862927,87.36972296069467,106.53634975703693,-0.5394681897349056,0.05489949811454664,0.07135918335737192
rear,aqi,log1p,ridge_pca64,64.0,1.0,68.7326723397464,107.36005518187449,-0.3729987005680202,0.05148968520754664,0.07523619123462792,72.49994865647004,93.59635224223338,-0.18820928229506806,0.0002924255505217048,0.009930630062059752
rear,aqi,log1p,ridge_pca64,64.0,10.0,68.7321722684225,107.35996673262838,-0.3729964382619937,0.051491158583324446,0.07523217828571925,72.49910317476454,93.59556847173569,-0.18818938238531757,0.00029150808325505726,0.009932600239047396
rear,aqi,log1p,ridge_pca64,64.0,100.0,68.7271688816046,107.35912570503761,-0.37297492701531865,0.051505789764435234,0.07524097330542301,72.49054413197484,93.5876464454046,-0.18798825172561218,0.0002823720810616657,0.009950368872005996
rear,aqi,log1p,ridge_pca64,64.0,1000.0,68.67858925784402,107.35122673080394,-0.3727729005078273,0.0516501912627002,0.07524045364510597,72.4063653929502,93.50974695343822,-0.186011384702639,0.0001918905466931777,0.010023640702881045
rear,aqi,log1p,ridge_pca128,128.0,1.0,72.10802566020838,110.0272428716753,-0.44206599071426456,0.013699862588819882,0.03586661957663572,70.7412378073631,93.11991333706042,-0.17614325050891755,0.03606569746675376,0.05912063021321806
rear,aqi,log1p,ridge_pca128,128.0,10.0,72.10627505710036,110.02616916058368,-0.44203784578117844,0.013707359059912615,0.035876628610454375,70.74022815932545,93.11851377659494,-0.1761078967125893,0.036059452515029095,0.05910729468652827
rear,aqi,log1p,ridge_pca128,128.0,100.0,72.08883806166857,110.01547300076199,-0.44175748488790356,0.013782249969850347,0.035973325200174475,70.73021669348638,93.10461629889222,-0.17575686633404297,0.03599686384700877,0.059009261191879867
rear,aqi,log1p,ridge_pca128,128.0,1000.0,71.91880910019034,109.9127882799288,-0.4390673655796349,0.014520081347957443,0.036735413417889815,70.63360848631517,92.97089546627133,-0.17238194706498877,0.03537940622561805,0.05807623490915374
rear,aqi,log1p,ridge_pca256,256.0,1.0,77.16285102659826,115.29785870687313,-0.5835331432637794,-0.02678150431887459,-0.026459160514249357,66.74111825719469,91.82013693673825,-0.14353896307969571,0.049571878894954714,0.06347208708617588
rear,aqi,log1p,ridge_pca256,256.0,10.0,77.1578866665955,115.29364480732427,-0.5834173956213968,-0.02676203293489566,-0.026427993003103705,66.74130936238988,91.81871329217257,-0.14350350287534486,0.04956273975347184,0.06345620071077872
rear,aqi,log1p,ridge_pca256,256.0,100.0,77.10842164568786,115.2516531483223,-0.5822641973672549,-0.026567472340542617,-0.026137087281893564,66.74325244080859,91.80454571129222,-0.14315064607949335,0.04947117754887176,0.06335751502056927
rear,aqi,log1p,ridge_pca256,256.0,1000.0,76.63764632130297,114.85468729344745,-0.5713832574529567,-0.024668742730960324,-0.02325393365599959,66.7626432648232,91.67194766750866,-0.13985080790328408,0.048570677040138135,0.062243481816142615
mean,PM2.5,raw,ridge_pca64,64.0,1.0,30.479273274991076,41.24819284534681,-0.2450611171509569,0.20243852182068722,0.27347303785849003,49.08226049381833,57.223399117934115,-0.9130971083157742,0.0423274637795751,0.03130530429949955
mean,PM2.5,raw,ridge_pca64,64.0,10.0,30.47881893551607,41.24766140676102,-0.2450290348117703,0.20243910392341746,0.27347171982364427,49.081581341266975,57.222610097339576,-0.9130443514843218,0.04232290376076652,0.031299110014930485
mean,PM2.5,raw,ridge_pca64,64.0,100.0,30.474291973168203,41.242367947201274,-0.24470949728019464,0.20244479292254938,0.27346781673985443,49.074809545673936,57.214746012041346,-0.9125185694494218,0.04227745937107476,0.031258632472971684
mean,PM2.5,raw,ridge_pca64,64.0,1000.0,30.42963419309706,41.190281588419495,-0.24156751251108743,0.20250131787082976,0.2734817637135999,49.007794679199826,57.137106015451785,-0.9073315434805864,0.04182766233193637,0.0308067761753546
mean,PM2.5,raw,ridge_pca128,128.0,1.0,31.98167771813687,43.22034974950944,-0.36696492833514527,0.14994062337021635,0.22011932563124856,47.060668005829726,55.5067155069632,-0.8000342601781121,0.06181656784504314,0.06208470344813205
mean,PM2.5,raw,ridge_pca128,128.0,10.0,31.980565732549817,43.21902083755134,-0.36688086848266277,0.14995443359815672,0.22013419778874171,47.06048046403512,55.50622654754742,-0.8000025472649774,0.06180972416088957,0.06207944031837162
mean,PM2.5,raw,ridge_pca128,128.0,100.0,31.96945375688863,43.20576564787722,-0.36604255764617233,0.150091762665639,0.2202764862756877,47.05858493525631,55.50133138614332,-0.7996850724516118,0.061741392064913726,0.06200131928848234
mean,PM2.5,raw,ridge_pca128,128.0,1000.0,31.86200645814136,43.07714399272387,-0.35792136721596224,0.1514255503381981,0.22177768244925986,47.038898536168865,55.453007494512136,-0.7965525376568547,0.06106442612395998,0.061123492602094806
mean,PM2.5,raw,ridge_pca256,256.0,1.0,32.80597270654636,45.38363748801197,-0.5072296236951999,0.038722524542279924,0.13808605024762005,43.154806712702374,52.19298724152664,-0.5915270349773236,0.06487495137854231,0.06604673228958598
mean,PM2.5,raw,ridge_pca256,256.0,10.0,32.80353190687681,45.38026375348404,-0.5070055427752904,0.038789203358225846,0.13816022992269392,43.15644868092132,52.19380978534142,-0.5915771992274792,0.06487670555726051,0.06603642315083806
mean,PM2.5,raw,ridge_pca256,256.0,100.0,32.77929552651524,45.34677937408148,-0.5047824385225155,0.03945318395328265,0.13885172413695193,43.17285405539193,52.202045449423466,-0.5920795089595856,0.06489323262200619,0.0659840208596777
mean,PM2.5,raw,ridge_pca256,256.0,1000.0,32.554798196947246,45.03145898684982,-0.4839280845233549,0.04578011789054942,0.14517803924234565,43.32912347742277,52.28059602741181,-0.596874449659881,0.06497606401730156,0.06560777960780959
mean,PM2.5,log1p,ridge_pca64,64.0,1.0,23.50045290859712,37.306016165210565,-0.018447312278214723,0.19837693700430445,0.2860930864665288,39.45808718237886,48.33515218173769,-0.36494732727963486,0.03703132694240079,0.027534588123101528
mean,PM2.5,log1p,ridge_pca64,64.0,10.0,23.500011807209827,37.3056970299443,-0.01842988768575582,0.19837713171089966,0.28608798940305613,39.457459462806,48.334492173817324,-0.3649100513073631,0.03702742208274288,0.027535599876881776
mean,PM2.5,log1p,ridge_pca64,64.0,100.0,23.495614315100138,37.30251634919151,-0.01825623258701925,0.19837935247587718,0.28609358693516734,39.45120791465149,48.327922420653415,-0.3645390320907673,0.036988541453496344,0.027507751480545465
mean,PM2.5,log1p,ridge_pca64,64.0,1000.0,23.452415900813662,37.2714621133359,-0.01656154761473294,0.1984010346894705,0.28591211342011763,39.38956150467901,48.263302567499714,-0.360892388218953,0.03660472453775665,0.027190350770831286
mean,PM2.5,log1p,ridge_pca128,128.0,1.0,25.106490445613485,38.87456761394758,-0.10589007747256551,0.15596854495163873,0.25415602910637775,38.18283994378567,47.57987986942477,-0.32262398543277104,0.03328670764947002,0.03945374102250504
mean,PM2.5,log1p,ridge_pca128,128.0,10.0,25.105312894194533,38.873481199317766,-0.10582826645088494,0.15598050204146457,0.2541675923698285,38.18244443833995,47.5792929681113,-0.322591356305969,0.03328438263843489,0.03944835260054117
mean,PM2.5,log1p,ridge_pca128,128.0,100.0,25.09361259509096,38.86269342288878,-0.10521459499815955,0.15609964012964073,0.25428848229198375,38.17853898945635,47.57347938672379,-0.3222681685381663,0.03326110096420138,0.03938293816931585
mean,PM2.5,log1p,ridge_pca128,128.0,1000.0,24.979975949834202,38.75872235459021,-0.09930884736748724,0.15725413362376545,0.2553482785364858,38.13973395858392,47.516598477264374,-0.3191081367854054,0.033027058318787335,0.03881998710148964
mean,PM2.5,log1p,ridge_pca256,256.0,1.0,26.008936397862254,40.90977415420205,-0.22471484525755847,0.051233674589881706,0.1741169086519011,35.18912874365452,45.24312954129386,-0.1959003367628802,0.05672120064564637,0.05719673378238812
mean,PM2.5,log1p,ridge_pca256,256.0,10.0,26.006568164924385,40.90697750224721,-0.22454740438727927,0.05129211563919386,0.1741807493939567,35.190155923637064,45.24343457525509,-0.19591646259017725,0.0567197890976237,0.05719449248593402
mean,PM2.5,log1p,ridge_pca256,256.0,100.0,25.983028515888314,40.87920434330578,-0.22288519384811534,0.05187412353263334,0.17478452154733418,35.200395229418454,45.24650103956797,-0.1960785793465747,0.05670467688864261,0.05714574196293917
mean,PM2.5,log1p,ridge_pca256,256.0,1000.0,25.76258540826792,40.61845888564,-0.20733475226216425,0.05744794422022627,0.18068299248090966,35.29661528778752,45.275741868773856,-0.19762502514190872,0.05650889495356734,0.056504330804025796
mean,PM10,raw,ridge_pca64,64.0,1.0,79.69147524472432,114.27629764569893,-0.4147439156756474,0.06666721042749411,0.09655346381622826,91.7558942623803,113.91609504794461,-1.0455101866435834,-0.1476601804654199,-0.07031075252975258
mean,PM10,raw,ridge_pca64,64.0,10.0,79.69065238632969,114.27588764302187,-0.41473376400353024,0.06666442286345449,0.09655382971403013,91.75464192650472,113.91456227318825,-1.0454551411246267,-0.14766109676368155,-0.07031276851522111
mean,PM10,raw,ridge_pca64,64.0,100.0,79.68239021810535,114.27177177495399,-0.41463185706965056,0.06663646846243498,0.09651815700106035,91.74206785803152,113.89917460269132,-1.0449025750034933,-0.14767026657232157,-0.07033129432009706
mean,PM10,raw,ridge_pca64,64.0,1000.0,79.60087827243113,114.23163595174675,-0.41363830560485093,0.06635990336597501,0.09622924476810368,91.61747071465592,113.74707151716753,-1.0394446195670075,-0.14775775642902725,-0.07051171577079386
mean,PM10,raw,ridge_pca128,128.0,1.0,82.36857309642258,114.7591442457718,-0.4267244829319101,0.093077736262929,0.11981436370714042,95.35201835666389,118.79741692441601,-1.2245668612185803,-0.1681973349945159,-0.0810291242667373
mean,PM10,raw,ridge_pca128,128.0,10.0,82.36589839684248,114.75729666410322,-0.42667854378172154,0.09307315254455592,0.11981216905877404,95.34922494322699,118.79381518024876,-1.2244319727763195,-0.168197245136833,-0.08103295094120058
mean,PM10,raw,ridge_pca128,128.0,100.0,82.3393604065281,114.73895601877597,-0.42622255335721126,0.09302701061099432,0.11976650164686282,95.32161202802553,118.75812797349448,-1.2230956769490415,-0.16819636063575463,-0.08103797815444225
mean,PM10,raw,ridge_pca128,128.0,1000.0,82.0828416968349,114.56388747216809,-0.42187361673816137,0.09256538848149454,0.1193696448588557,95.05184904018991,118.41019159739372,-1.210088352287849,-0.16817748907070718,-0.08098734319762516
mean,PM10,raw,ridge_pca256,256.0,1.0,84.92591694810469,119.16381708292768,-0.5383470538691209,0.04978046741054437,0.08645796076847836,89.06967179605473,113.61289923130505,-1.034636134279416,-0.12181762852535662,-0.047434374853177766
mean,PM10,raw,ridge_pca256,256.0,10.0,84.9196442634896,119.15732436320754,-0.5381794227140502,0.0498023159239737,0.08647058203419526,89.06998827183247,113.61186767115852,-1.0345991870659454,-0.1218434778388795,-0.04744866955759694
mean,PM10,raw,ridge_pca256,256.0,100.0,84.85733601155825,119.09287429178836,-0.5365159250852942,0.050019028827480626,0.08665745833867922,89.07306723761806,113.60137532784442,-1.0342234036578004,-0.12209951526991798,-0.04759954468155585
mean,PM10,raw,ridge_pca256,256.0,1000.0,84.27462028993375,118.49538857113922,-0.521137281762146,0.052029843147108734,0.08877030311737505,89.09726465459715,113.49372150353587,-1.0303697854261622,-0.1244760174581747,-0.04895299804347458
mean,PM10,log1p,ridge_pca64,64.0,1.0,95.64880415364298,134.06236375129768,-0.9470596499823898,0.07146567560232239,0.1067425111935841,63.82004794340493,92.42747142120764,-0.3465845028594303,-0.14142798266823817,-0.0738269904680822
mean,PM10,log1p,ridge_pca64,64.0,10.0,95.64923703417534,134.06296412445303,-0.9470770891044598,0.07146309435574875,0.10673884091979614,63.81904203766883,92.4265729145347,-0.34655832213064963,-0.14142911117454376,-0.07383016690256872
mean,PM10,log1p,ridge_pca64,64.0,100.0,95.65356594978624,134.06896753699849,-0.9472514753538215,0.07143734759848946,0.10669374214684121,63.80899411416009,92.41759919508388,-0.34629685944466515,-0.14144031583829203,-0.07383444632747647
mean,PM10,log1p,ridge_pca64,64.0,1000.0,95.69666535218575,134.12865955526487,-0.9489858251996091,0.07118157129247756,0.10638797314862532,63.70994776765944,92.3293649070865,-0.34372737398711917,-0.14154761599159316,-0.0739053968502879
mean,PM10,log1p,ridge_pca128,128.0,1.0,93.46672425978122,131.3275273353983,-0.8684309234104091,0.0920809313283558,0.12629169027221349,65.96360160286906,95.22140609892614,-0.4292251457453842,-0.16095164499499345,-0.08564132913415416
mean,PM10,log1p,ridge_pca128,128.0,10.0,93.46680985699848,131.32820406385594,-0.8684501794439379,0.09207832712096843,0.1262851515752434,65.96150658261664,95.21914470175818,-0.4291572616959731,-0.16095265867391365,-0.08564298889839335
mean,PM10,log1p,ridge_pca128,128.0,100.0,93.46769111864405,131.33499477826373,-0.8686434119591082,0.09205207424093954,0.12625970695005828,65.94062215871894,95.1966126382418,-0.4284809680310273,-0.16096256984558807,-0.08564648177899793
mean,PM10,log1p,ridge_pca128,128.0,1000.0,93.48167327828531,131.4041477212488,-0.8706117557623729,0.09180204214565545,0.12594207011229996,65.73941904544239,94.98023040640068,-0.42199446391817275,-0.1610840293532331,-0.0855981501136301
mean,PM10,log1p,ridge_pca256,256.0,1.0,97.81868953782289,135.42111951440333,-0.9867275365965693,0.045656605644791966,0.09411141791952281,61.772826992319786,93.04252858570193,-0.3645657836036884,-0.10696139574456913,-0.04672493616923088
mean,PM10,log1p,ridge_pca256,256.0,10.0,97.81554398653272,135.4187647141809,-0.9866584438909907,0.045676865039775846,0.09413579597326698,61.772614351487846,93.04123061887286,-0.3645277117929575,-0.10699083627568937,-0.04674803865158378
mean,PM10,log1p,ridge_pca256,256.0,100.0,97.7843262480122,135.39548032263727,-0.98597531616828,0.04587820924750536,0.09438451730723275,61.77043485598558,93.0282985500122,-0.3641484188737205,-0.10728337202028744,-0.04691666817243549
mean,PM10,log1p,ridge_pca256,256.0,1000.0,97.49807288216067,135.18590600768266,-0.9798320195557431,0.04777742675333888,0.09640266029718664,61.74889115449579,92.90335056666476,-0.36048645512799804,-0.11003182470149779,-0.048604952310219676
mean,aqi,raw,ridge_pca64,64.0,1.0,72.30033510820756,99.7591182901117,-0.18546811695517107,0.1042722135030425,0.12802290930299332,100.55392906418078,117.90483716095031,-0.8855512449504777,-0.021684015199565403,-0.0010126901271664964
mean,aqi,raw,ridge_pca64,64.0,10.0,72.29923354566488,99.7582315230394,-0.18544704160011305,0.10426874142379099,0.12802261884538046,100.55248369766244,117.90298933272325,-0.8854921439399419,-0.021688138238366034,-0.0010163439639238117
mean,aqi,raw,ridge_pca64,64.0,100.0,72.28824213542745,99.7493835774539,-0.1852367671072015,0.10423405616370786,0.12799492126703577,100.53806246297468,117.88455082711457,-0.8849024567875152,-0.021729279297709875,-0.0010415454169288155
mean,aqi,raw,ridge_pca64,64.0,1000.0,72.18049435689684,99.66253695565669,-0.18317381702179958,0.1038899699476668,0.1276430370077116,100.39537363799603,117.70249348072821,-0.87908497936859,-0.022134761436224046,-0.0013860066683748394
mean,aqi,raw,ridge_pca128,128.0,1.0,76.36645152955194,103.39085206349831,-0.273353255596813,0.09893321720594135,0.12353913721391593,98.23482176076688,116.86857862411819,-0.8525529018032114,-0.013171656263045112,0.011268377438208356
mean,aqi,raw,ridge_pca128,128.0,10.0,76.3634470494377,103.38807543361925,-0.27328486302339505,0.09893417146354876,0.12355066370066871,98.23372686051034,116.86647497656355,-0.8524862100824206,-0.013177113149441986,0.011266996372900332
mean,aqi,raw,ridge_pca128,128.0,100.0,76.333329511383,103.36029070364872,-0.272600584450964,0.0989436523318447,0.12358109035377345,98.22259997949129,116.84526161561266,-0.8518137521847697,-0.013231567740099726,0.011213125992077473
mean,aqi,raw,ridge_pca128,128.0,1000.0,76.04110203302857,103.09202933846898,-0.266003340065581,0.09902345194244366,0.12370283653425872,98.11391562110381,116.63797816221465,-0.8452493460786636,-0.01376821004679986,0.010790175164458024
mean,aqi,raw,ridge_pca256,256.0,1.0,78.07136983460272,106.96574230525415,-0.36293170025654975,0.05158854921699066,0.08797729298671057,89.35263095908837,109.18183389896825,-0.6168728327101216,0.018112349065470212,0.039666493527160895
mean,aqi,raw,ridge_pca256,256.0,10.0,78.06549006889405,106.95881995323262,-0.36275530008353596,0.05161752512515672,0.08800582006023201,89.35524179776264,109.18255370623127,-0.6168941520194475,0.01809999555203117,0.03965903266998611
mean,aqi,raw,ridge_pca256,256.0,100.0,78.00705506748982,106.89010312052476,-0.36100482926396515,0.05190525059868813,0.0882835553492375,89.3811828616318,109.1897494871059,-0.6171072849609709,0.01797629701141119,0.03952809047410021
mean,aqi,raw,ridge_pca256,256.0,1000.0,77.45487325686466,106.24741675081623,-0.34468770310527996,0.05461328365495993,0.09101989611154312,89.62620369699802,109.25895830336928,-0.619157908770618,0.01675448655660148,0.03849068956496184
mean,aqi,log1p,ridge_pca64,64.0,1.0,68.15899378317582,104.5510959078275,-0.3020925469456819,0.10778365140963611,0.1373810175030954,76.41875298789685,96.99003378444894,-0.2759372473703996,-0.01761212265597491,-0.00012891638143999715
mean,aqi,log1p,ridge_pca64,64.0,10.0,68.15831261112265,104.55113098331104,-0.30209342061482847,0.10778035401715629,0.13738204400980417,76.41736899902217,96.98862153136896,-0.27590009029109464,-0.017615856151367175,-0.00013004091797956367
mean,aqi,log1p,ridge_pca64,64.0,100.0,68.15152273462829,104.55149433762087,-0.3021024711544804,0.1077472975657164,0.13734373978633974,76.4035575854591,96.97453816694386,-0.27552957958470725,-0.017653128766053024,-0.00016021263031236528
mean,aqi,log1p,ridge_pca64,64.0,1000.0,68.08510447465194,104.55578736568314,-0.3022094055842526,0.10741910084031772,0.1369773732328812,76.26735687873398,96.83635517503905,-0.2718970607947142,-0.018019917819320143,-0.00037632951231188774
mean,aqi,log1p,ridge_pca128,128.0,1.0,70.31206139586193,105.3017100126213,-0.3208561473541627,0.10161222553360673,0.1379725313588393,75.13880486538626,97.39724984731029,-0.2866738738865817,-0.027789126635063336,-0.0027003927541158256
mean,aqi,log1p,ridge_pca128,128.0,10.0,70.30997103603826,105.30060846851018,-0.32082851297480786,0.10161393762613366,0.13797416981917884,75.13746990650925,97.39530198108172,-0.2866224095274055,-0.027791338386361563,-0.002706327493154389
mean,aqi,log1p,ridge_pca128,128.0,100.0,70.28908452522619,105.28964702557994,-0.3205535395817638,0.10163111207981615,0.13797965250090732,75.12412812760908,97.37581616927095,-0.2861076336875752,-0.027813183540578556,-0.0027190294128646548
mean,aqi,log1p,ridge_pca128,128.0,1000.0,70.08697553896185,105.18703049340176,-0.3179807398148926,0.10178503471116833,0.13809402088170408,74.99349550297646,97.18673531892716,-0.2811178479868759,-0.028028861910649912,-0.0029733033521435184
mean,aqi,log1p,ridge_pca256,256.0,1.0,72.85048583479391,109.36379406326313,-0.42472751265021014,0.05185925941654412,0.10061984658808518,68.54738495429643,93.59987837565662,-0.18829881277967253,0.01802052865950086,0.035018978089172925
mean,aqi,log1p,ridge_pca256,256.0,10.0,72.84534636316484,109.3591335269268,-0.42460608575720005,0.05188559759751628,0.1006526514869288,68.54882272034159,93.59901701376887,-0.18827694201196055,0.01800742475788415,0.03500006656226526
mean,aqi,log1p,ridge_pca256,256.0,100.0,72.794194054174,109.31288766587556,-0.42340146383252963,0.05214757434631779,0.10091569541974554,68.56308295565324,93.5904301152939,-0.1880589237946717,0.017876621077595193,0.03488575049101784
mean,aqi,log1p,ridge_pca256,256.0,1000.0,72.31422931604958,108.88402000820952,-0.41225450078588444,0.05466293822708735,0.1035567275529453,68.68914673215292,93.50376796393917,-0.18585972301724762,0.016725657778813414,0.03387605834562341
concat,PM2.5,raw,ridge_pca64,64.0,1.0,29.781236356541108,40.62957279375645,-0.20799553770782908,0.1738875312049188,0.2312293752946634,47.652256234943884,55.92571918427513,-0.8273126772933035,0.04038965714472957,0.01712253492258538
concat,PM2.5,raw,ridge_pca64,64.0,10.0,29.78102863475708,40.62930679446622,-0.20797972041605406,0.17388962947303924,0.23123023299663464,47.6519271442129,55.925294546811976,-0.8272849282545729,0.04038728514919318,0.017122137368649655
concat,PM2.5,raw,ridge_pca64,64.0,100.0,29.778960674828646,40.62666008024919,-0.20782234273893763,0.173910458224741,0.2312606031271147,47.6486501856081,55.921066496398396,-0.8270086468039264,0.04036372028944784,0.017112240677226016
concat,PM2.5,raw,ridge_pca64,64.0,1000.0,29.758504132075725,40.600476569850166,-0.20626598355075565,0.1741176562968606,0.2314726688653111,47.61622762159263,55.8791865326602,-0.824273133726521,0.04012973907861235,0.01699161304208027
concat,PM2.5,raw,ridge_pca128,128.0,1.0,30.367853471623217,41.555924116446505,-0.26370791999991283,0.16508191112798623,0.22639183859941311,48.52574620674945,56.84317932847712,-0.8877584950258539,0.093223262731614,0.07904843272936336
concat,PM2.5,raw,ridge_pca128,128.0,10.0,30.367463147778846,41.555422323905255,-0.2636774013485521,0.1650864985751746,0.22639371990102364,48.525292538308236,56.84256949783347,-0.887717990366671,0.0932178741154128,0.07904027067158381
concat,PM2.5,raw,ridge_pca128,128.0,100.0,30.363561834027347,41.5504154536067,-0.26337290738215513,0.1651320520839683,0.2264453534598217,48.52076209716414,56.83647699876897,-0.8873133533544366,0.0931641940324412,0.07897782882168375
concat,PM2.5,raw,ridge_pca128,128.0,1000.0,30.31987965589703,41.497001274181834,-0.26012679533073757,0.16558935967660507,0.2268339667892064,48.47640325440033,56.77626644770039,-0.8833167655301748,0.09263576923515031,0.07836431258340397
concat,PM2.5,raw,ridge_pca256,256.0,1.0,32.23359202095403,44.5759395940047,-0.4540583365292954,0.06957074352976748,0.147873583740257,45.01634073761246,53.71685088514135,-0.6858184436389152,0.08127909657477864,0.07875463151896342
concat,PM2.5,raw,ridge_pca256,256.0,10.0,32.23221883933635,44.574217099770706,-0.4539459638577543,0.06959061979085235,0.14790299751469227,45.01631087438022,53.71644206510016,-0.6857927833951896,0.08127887298115656,0.07876076998405764
concat,PM2.5,raw,ridge_pca256,256.0,100.0,32.218544731017424,44.55707145866721,-0.45282764735927516,0.0697891279448983,0.14814144010758484,45.01605634748142,53.71240329244719,-0.6855392938648284,0.08127668259013167,0.07873935737907388
concat,PM2.5,raw,ridge_pca256,256.0,1000.0,32.08591555955855,44.390809658082176,-0.4420056130935448,0.0717452229149671,0.15044636511529597,45.01374478297461,53.67376379814226,-0.6831150880573214,0.08123976792729898,0.07859661050656419
concat,PM2.5,log1p,ridge_pca64,64.0,1.0,23.069243300393275,37.08942077436483,-0.006655614826423628,0.18313721604957336,0.245636990095883,39.089929802672295,47.96766339751184,-0.3442710291556754,0.05253810396595609,0.013858306337650861
concat,PM2.5,log1p,ridge_pca64,64.0,10.0,23.069028011473705,37.08928519751019,-0.006648255371912493,0.1831384104061105,0.24564056531867523,39.0895611964112,47.967265949497914,-0.3442487526635789,0.05253585698346565,0.013860358770043314
concat,PM2.5,log1p,ridge_pca64,64.0,100.0,23.06689907864801,37.087940397782894,-0.006575257698872905,0.18315030883150535,0.24564854654408083,39.08591730221565,47.96333106310981,-0.3440282168852864,0.05251347591978629,0.013855509239978728
concat,PM2.5,log1p,ridge_pca64,64.0,1000.0,23.04576435847544,37.07464668227437,-0.005853798010331701,0.18326896986080593,0.24581432971335157,39.04970720302125,47.92431970177074,-0.34184275369447437,0.052291391950500414,0.013825152707893586
concat,PM2.5,log1p,ridge_pca128,128.0,1.0,23.563767279779185,37.60626621171318,-0.03490682335946427,0.17474608164660774,0.2514414227957916,39.320097093524396,48.24946530942438,-0.3601121548438089,0.08555734593715983,0.07012629057282357
concat,PM2.5,log1p,ridge_pca128,128.0,10.0,23.563404520657983,37.60595779908795,-0.03488984868723022,0.17475017599374512,0.25144349055636417,39.31967194133747,48.24895297056303,-0.3600832701874275,0.08555435598423963,0.07012221458957084
concat,PM2.5,log1p,ridge_pca128,128.0,100.0,23.559766848823504,37.60286779177821,-0.03471978596285297,0.17479114033002957,0.2514803227478483,39.31540148126194,48.24381247898507,-0.3597934763691255,0.08552432667862776,0.0700827142327962
concat,PM2.5,log1p,ridge_pca128,128.0,1000.0,23.523974970908363,37.57256451624032,-0.03305274478614151,0.17519487160570063,0.25180373731443645,39.27316457475005,48.193130511836024,-0.3569379471401919,0.08522460283340991,0.06962836055958595
concat,PM2.5,log1p,ridge_pca256,256.0,1.0,25.626418669793004,40.19152135516757,-0.1820877306106672,0.08363603243344309,0.17810205235902338,36.810014736127584,46.347568690586094,-0.25499970991388254,0.07220662516483163,0.0673269184008771
concat,PM2.5,log1p,ridge_pca256,256.0,10.0,25.625120502253676,40.19012932523703,-0.18200584901225292,0.0836532716941942,0.17812544830296564,36.80983084057099,46.347102688208494,-0.25497447321106836,0.07220773759057258,0.06732994478984532
concat,PM2.5,log1p,ridge_pca256,256.0,100.0,25.61214334286073,40.17623293858792,-0.18118859508124951,0.08382564111502085,0.17834775180701756,36.80798873683562,46.34244791414637,-0.25472240441098526,0.07221912158790782,0.06731981254639093
concat,PM2.5,log1p,ridge_pca256,256.0,1000.0,25.486961639508774,40.042170455874576,-0.1733188241749839,0.08552700811374693,0.1805041657491681,36.79030770089265,46.29785181862369,-0.2523086865705795,0.0723207924171142,0.06713678936998296
concat,PM10,raw,ridge_pca64,64.0,1.0,80.27470774399615,115.49583586234347,-0.44510087599376,0.04599721471259252,0.07449016446451823,93.6071223265144,114.8845357884112,-1.0804372230348807,-0.14546418104992942,-0.07916135325540309
concat,PM10,raw,ridge_pca64,64.0,10.0,80.27419282212428,115.4954670147272,-0.44509164585730954,0.04599704081969741,0.07448825099529371,93.6063487817852,114.88355675807365,-1.0804017647817048,-0.1454633963324805,-0.07915821874657607
concat,PM10,raw,ridge_pca64,64.0,100.0,80.26900519583458,115.49177402122346,-0.44499923307476363,0.045995274562505364,0.07449113440668015,93.59848386311121,114.87363249107867,-1.080042347448603,-0.14545555990307946,-0.07914658734805298
concat,PM10,raw,ridge_pca64,64.0,1000.0,80.21752390268375,115.4552815864071,-0.4440862120416522,0.045977772815628405,0.07452098824818197,93.52018718416676,114.77498363278401,-1.0764713678906754,-0.14537706916282872,-0.07901321457625644
concat,PM10,raw,ridge_pca128,128.0,1.0,79.69071866299993,114.58758854981814,-0.42246199451895783,0.07122159430379724,0.10415197187000957,95.27373016693471,116.07267147849973,-1.1236914972539656,-0.10879040444649692,-0.03546354573272002
concat,PM10,raw,ridge_pca128,128.0,10.0,79.68994831739522,114.58705426426941,-0.4224487295724644,0.07121965391079502,0.10414708317080888,95.27270858126141,116.07136282340947,-1.1236436106328385,-0.10879451391992404,-0.03546654988083507
concat,PM10,raw,ridge_pca128,128.0,100.0,79.68225177921137,114.58172838471204,-0.422316504957708,0.07120012918465662,0.10412020666416733,95.26247363503137,116.0582670892217,-1.1231644381187835,-0.10883560310012953,-0.035499836799939656
concat,PM10,raw,ridge_pca128,128.0,1000.0,79.60639887457937,114.52953153480365,-0.4210209488103396,0.07100623621785349,0.10390372010899505,95.16068391637425,115.92850022175827,-1.118419194626994,-0.10923906622136677,-0.035820893686041445
concat,PM10,raw,ridge_pca256,256.0,1.0,83.31059116609117,117.41984275069076,-0.49364882176852376,0.07286939608492476,0.1045408116389056,91.80072024971813,114.76365767445947,-1.0760615770624864,-0.08706448659238064,-0.01912145028677286
concat,PM10,raw,ridge_pca256,256.0,10.0,83.30758936133468,117.41719190195872,-0.4935813818486803,0.07287050594074222,0.10455051139304461,91.79938656820781,114.76140187095031,-1.0759799634043108,-0.08707264871037333,-0.019126312990814222
concat,PM10,raw,ridge_pca256,256.0,100.0,83.27764439848328,117.39075726430696,-0.4929089447449646,0.07288159352364643,0.10458635380951697,91.78604466591352,114.73888318664268,-1.0751653384495392,-0.08715422169995797,-0.019171887796898712
concat,PM10,raw,ridge_pca256,256.0,1000.0,82.98840694950692,117.13694708660799,-0.4864602963606921,0.07298134849950554,0.10473692927723481,91.65646333351546,114.52050361741331,-1.0672736378651746,-0.08795936742531239,-0.019614713346380302
concat,PM10,log1p,ridge_pca64,64.0,1.0,97.21821260216794,135.80821907766668,-0.9981018412930012,0.05515306385409308,0.08502215696035001,64.73174238780419,92.72865080360671,-0.3553746224372414,-0.142886977665353,-0.08776115316664478
concat,PM10,log1p,ridge_pca64,64.0,10.0,97.21832330309942,135.80840800347758,-0.9981074005040089,0.05515248166918752,0.08502201201424006,64.73104742583868,92.72798297420515,-0.35535509975993107,-0.1428864075581774,-0.08775984129986275
concat,PM10,log1p,ridge_pca64,64.0,100.0,97.21945195097106,135.8103196873962,-0.9981636529367623,0.055146718335062295,0.08501121909019752,64.72405039210527,92.72126219510616,-0.3551586388464196,-0.1428807340557514,-0.08773742565922846
concat,PM10,log1p,ridge_pca64,64.0,1000.0,97.23075013078535,135.82946478273016,-0.9987270523913894,0.05508952449070265,0.08498465303540767,64.65469575838874,92.65469555122576,-0.3532135406221317,-0.1428238069735961,-0.08752013514285073
concat,PM10,log1p,ridge_pca128,128.0,1.0,96.4205311626416,134.7498074365528,-0.9670790735036401,0.07538574162809061,0.11138426118088814,65.22758322614783,92.6334075156899,-0.35259179234614857,-0.1061125799090242,-0.04387475965786996
concat,PM10,log1p,ridge_pca128,128.0,10.0,96.42067554835498,134.75007503482092,-0.967086886315933,0.07538396147896682,0.1113829230783201,65.22672739255127,92.63258710982083,-0.3525678340494445,-0.10611616641076439,-0.043876078526463046
concat,PM10,log1p,ridge_pca128,128.0,100.0,96.42210198898105,134.75274438767747,-0.9671648217234863,0.07536609172350285,0.11135952099066028,65.2181476269844,92.62435055426269,-0.35232731383571947,-0.10615220926667387,-0.043901279650545216
concat,PM10,log1p,ridge_pca128,128.0,1000.0,96.43654125622994,134.77952039893046,-0.9679466694077465,0.0751884515936365,0.11107179974303448,65.1331225725691,92.54304044494634,-0.3499540800607248,-0.10650633370768689,-0.04413648931284978
concat,PM10,log1p,ridge_pca256,256.0,1.0,97.31567300893028,135.01100675208272,-0.9747124451960147,0.06956609784197142,0.1031779980929124,62.88416222662758,92.5162073258446,-0.34917134746651923,-0.07901396967652514,-0.025415542216687004
concat,PM10,log1p,ridge_pca256,256.0,10.0,97.31480574297683,135.01069612438226,-0.9747033585341938,0.06956771542059648,0.10318107818990205,62.882999996616256,92.5146389945467,-0.3491256056494496,-0.0790232513363196,-0.025419749125586644
concat,PM10,log1p,ridge_pca256,256.0,100.0,97.3061555671181,135.00756919632582,-0.974611888983903,0.0695836113068499,0.10322221608238212,62.871501252020224,92.49905022828567,-0.34867098717896217,-0.0791161145779802,-0.025461336233976808
concat,PM10,log1p,ridge_pca256,256.0,1000.0,97.22588275543175,134.97980226128627,-0.9737997377532919,0.06973361425093695,0.1036149791308142,62.761169365820436,92.34897535327144,-0.34429824094419326,-0.08002828674499142,-0.025918014236375957
concat,aqi,raw,ridge_pca64,64.0,1.0,71.56818767665123,99.80866398463131,-0.18664594265408452,0.07700654333412818,0.09136434886446801,99.21982692190967,116.51653370064018,-0.8414087677035111,-0.024083003069545913,-0.011356337206228506
concat,aqi,raw,ridge_pca64,64.0,10.0,71.567594332466,99.80817119205209,-0.18663422485629555,0.07700571682871478,0.0913635351173691,99.21909015211513,116.51548850747666,-0.8413757317186286,-0.024084591875154698,-0.011356951802481094
concat,aqi,raw,ridge_pca64,64.0,100.0,71.56167103527144,99.803250125125,-0.18651721314453718,0.07699748391059558,0.09136348903273411,99.21173575270552,116.50505531320555,-0.8410459803550507,-0.024100482161645852,-0.011362083321668987
concat,aqi,raw,ridge_pca64,64.0,1000.0,71.50125076038728,99.75415548141967,-0.18535017074161142,0.07688804073799638,0.09133041943219235,99.13793916622977,116.39830821745473,-0.8376738300571998,-0.024353908352196654,-0.011479699393647187
concat,aqi,raw,ridge_pca128,128.0,1.0,72.10693296176781,100.34918263949852,-0.19953342197693313,0.0939718406538413,0.11292537192552056,100.91954127028288,118.5164919918546,-0.9051653347438664,0.02929047002305427,0.041155902664352526
concat,aqi,raw,ridge_pca128,128.0,10.0,72.10604225441517,100.3483571193835,-0.1995136861929565,0.09397060701426194,0.11292299172685964,100.91850602131066,118.51498965943414,-0.9051170347400475,0.029284603634630705,0.0411552472521006
concat,aqi,raw,ridge_pca128,128.0,100.0,72.09720739064439,100.34016345768859,-0.19931780838549273,0.0939583184879339,0.1128973389733527,100.9082552614898,118.50010383816779,-0.9046384885113912,0.029225898655719704,0.04111434813691059
concat,aqi,raw,ridge_pca128,128.0,1000.0,72.01015791922599,100.25954001802164,-0.1973912761353065,0.09383515464594454,0.1127841105461255,100.80707603441144,118.35287623604846,-0.8999086840498818,0.028644696792056376,0.04060217010029101
concat,aqi,raw,ridge_pca256,256.0,1.0,75.93063302696308,105.00129399009529,-0.31333033748472805,0.07342971084098443,0.09524835022461317,94.03042564376088,112.93611254547268,-0.7299787294425368,0.03393886480435383,0.05206956044385084
concat,aqi,raw,ridge_pca256,256.0,10.0,75.92740265574879,104.99800961504249,-0.31324817846037156,0.07343424983135168,0.09525263549091098,94.02990101565122,112.93453861139106,-0.729930510082976,0.033934406566657825,0.052066328770834315
concat,aqi,raw,ridge_pca256,256.0,100.0,75.89536262867702,104.96533631358533,-0.31243099196900204,0.07347952662016946,0.09531459529404177,94.02479330128627,112.91894960599234,-0.7294529584831633,0.0338899145968738,0.05204845980016381
concat,aqi,raw,ridge_pca256,256.0,1000.0,75.58574896733673,104.64983160157823,-0.30455304180392306,0.0739183975482433,0.09581133069984991,93.97629936033435,112.76904400251156,-0.7248641343133322,0.03344074473891319,0.05172810764262965
concat,aqi,log1p,ridge_pca64,64.0,1.0,68.43203187983762,106.00691965589346,-0.338607038064334,0.08561226879386723,0.10130094989590303,76.07530569507014,96.70375158177795,-0.26841608211516155,-0.004772975589012571,-0.010133785761535414
concat,aqi,log1p,ridge_pca64,64.0,10.0,68.43167835550348,106.00689495978769,-0.33860641436208416,0.0856110589429824,0.10130171328854329,76.07448760818149,96.70284172403085,-0.2683922139042434,-0.004774914511664038,-0.010131516672430868
concat,aqi,log1p,ridge_pca64,64.0,100.0,68.42814105938557,106.00661908099418,-0.3385994470295881,0.08559882051952192,0.10129609737751148,76.06633058880995,96.69375363060325,-0.26815381914617054,-0.004794065426344996,-0.010131848982674252
concat,aqi,log1p,ridge_pca64,64.0,1000.0,68.39326542612216,106.00404258559298,-0.33853437838696054,0.08547752237855157,0.10121825261923423,75.98559462789193,96.60395282995029,-0.2657994096312697,-0.004983995065402703,-0.010084527152878156
concat,aqi,log1p,ridge_pca128,128.0,1.0,68.6935890576469,105.47231127691086,-0.32513950167395,0.09993578813028933,0.12223289055966927,76.91700041925809,97.51048560447704,-0.2896674324480044,0.03041842062258798,0.03620824591796845
concat,aqi,log1p,ridge_pca128,128.0,10.0,68.69301010507195,105.47218418612498,-0.3251363081738332,0.0999347833256675,0.12223285767852804,76.91598361170193,97.50919212920144,-0.2896332178327601,0.030414746371348497,0.03620528597710777
concat,aqi,log1p,ridge_pca128,128.0,100.0,68.68723362435962,105.47088793321635,-0.3251037365294378,0.09992466812544748,0.12220994505961998,76.90591943512855,97.496370797038,-0.289294096393536,0.030378012779694468,0.03616928613058183
concat,aqi,log1p,ridge_pca128,128.0,1000.0,68.63050578804938,105.45856087802201,-0.32479400798438607,0.09982255576955078,0.12202732697465912,76.80629109699929,97.37008024218837,-0.28595612168746,0.030013014407285564,0.035828926511418856
concat,aqi,log1p,ridge_pca256,256.0,1.0,72.152647259695,108.24515096273481,-0.3957305194993159,0.0774341439972048,0.10483050716438935,71.92896387335746,94.96741096903091,-0.2232755374619877,0.03581111095050421,0.04793828890996206
concat,aqi,log1p,ridge_pca256,256.0,10.0,72.15019055641113,108.24339430524658,-0.3956852186142026,0.0774374484996948,0.10483311034586071,71.92825865974109,94.96575829862202,-0.22323296172635443,0.03580802521205618,0.04793206400337885
concat,aqi,log1p,ridge_pca256,256.0,100.0,72.12566718565239,108.22587960500279,-0.3952335877190212,0.07747062812632334,0.1048808312055649,71.92113994666848,94.94920104632357,-0.2228064582888052,0.035777128499393726,0.0478836658766106
concat,aqi,log1p,ridge_pca256,256.0,1000.0,71.89056323239836,108.05905358596083,-0.3909355054180865,0.07779484102501233,0.10544134003544399,71.85298760037769,94.79029898441001,-0.21871703205273296,0.035463636660813466,0.04755972486842179
